-- MySQL dump 10.13  Distrib 5.7.24, for Linux (x86_64)
--
-- Host: localhost    Database: library
-- ------------------------------------------------------
-- Server version	5.7.24-0ubuntu0.18.04.1

/*!40101 SET @OLD_CHARACTER_SET_CLIENT=@@CHARACTER_SET_CLIENT */;
/*!40101 SET @OLD_CHARACTER_SET_RESULTS=@@CHARACTER_SET_RESULTS */;
/*!40101 SET @OLD_COLLATION_CONNECTION=@@COLLATION_CONNECTION */;
/*!40101 SET NAMES utf8 */;
/*!40103 SET @OLD_TIME_ZONE=@@TIME_ZONE */;
/*!40103 SET TIME_ZONE='+00:00' */;
/*!40014 SET @OLD_UNIQUE_CHECKS=@@UNIQUE_CHECKS, UNIQUE_CHECKS=0 */;
/*!40014 SET @OLD_FOREIGN_KEY_CHECKS=@@FOREIGN_KEY_CHECKS, FOREIGN_KEY_CHECKS=0 */;
/*!40101 SET @OLD_SQL_MODE=@@SQL_MODE, SQL_MODE='NO_AUTO_VALUE_ON_ZERO' */;
/*!40111 SET @OLD_SQL_NOTES=@@SQL_NOTES, SQL_NOTES=0 */;

--
-- Table structure for table `auth_group`
--

DROP TABLE IF EXISTS `auth_group`;
/*!40101 SET @saved_cs_client     = @@character_set_client */;
/*!40101 SET character_set_client = utf8 */;
CREATE TABLE `auth_group` (
  `id` int(11) NOT NULL AUTO_INCREMENT,
  `name` varchar(80) NOT NULL,
  PRIMARY KEY (`id`),
  UNIQUE KEY `name` (`name`)
) ENGINE=InnoDB DEFAULT CHARSET=latin1;
/*!40101 SET character_set_client = @saved_cs_client */;

--
-- Dumping data for table `auth_group`
--

LOCK TABLES `auth_group` WRITE;
/*!40000 ALTER TABLE `auth_group` DISABLE KEYS */;
/*!40000 ALTER TABLE `auth_group` ENABLE KEYS */;
UNLOCK TABLES;

--
-- Table structure for table `auth_group_permissions`
--

DROP TABLE IF EXISTS `auth_group_permissions`;
/*!40101 SET @saved_cs_client     = @@character_set_client */;
/*!40101 SET character_set_client = utf8 */;
CREATE TABLE `auth_group_permissions` (
  `id` int(11) NOT NULL AUTO_INCREMENT,
  `group_id` int(11) NOT NULL,
  `permission_id` int(11) NOT NULL,
  PRIMARY KEY (`id`),
  UNIQUE KEY `auth_group_permissions_group_id_permission_id_0cd325b0_uniq` (`group_id`,`permission_id`),
  KEY `auth_group_permissio_permission_id_84c5c92e_fk_auth_perm` (`permission_id`),
  CONSTRAINT `auth_group_permissio_permission_id_84c5c92e_fk_auth_perm` FOREIGN KEY (`permission_id`) REFERENCES `auth_permission` (`id`),
  CONSTRAINT `auth_group_permissions_group_id_b120cbf9_fk_auth_group_id` FOREIGN KEY (`group_id`) REFERENCES `auth_group` (`id`)
) ENGINE=InnoDB DEFAULT CHARSET=latin1;
/*!40101 SET character_set_client = @saved_cs_client */;

--
-- Dumping data for table `auth_group_permissions`
--

LOCK TABLES `auth_group_permissions` WRITE;
/*!40000 ALTER TABLE `auth_group_permissions` DISABLE KEYS */;
/*!40000 ALTER TABLE `auth_group_permissions` ENABLE KEYS */;
UNLOCK TABLES;

--
-- Table structure for table `auth_permission`
--

DROP TABLE IF EXISTS `auth_permission`;
/*!40101 SET @saved_cs_client     = @@character_set_client */;
/*!40101 SET character_set_client = utf8 */;
CREATE TABLE `auth_permission` (
  `id` int(11) NOT NULL AUTO_INCREMENT,
  `name` varchar(255) NOT NULL,
  `content_type_id` int(11) NOT NULL,
  `codename` varchar(100) NOT NULL,
  PRIMARY KEY (`id`),
  UNIQUE KEY `auth_permission_content_type_id_codename_01ab375a_uniq` (`content_type_id`,`codename`),
  CONSTRAINT `auth_permission_content_type_id_2f476e4b_fk_django_co` FOREIGN KEY (`content_type_id`) REFERENCES `django_content_type` (`id`)
) ENGINE=InnoDB AUTO_INCREMENT=43 DEFAULT CHARSET=latin1;
/*!40101 SET character_set_client = @saved_cs_client */;

--
-- Dumping data for table `auth_permission`
--

LOCK TABLES `auth_permission` WRITE;
/*!40000 ALTER TABLE `auth_permission` DISABLE KEYS */;
INSERT INTO `auth_permission` VALUES (1,'Can add log entry',1,'add_logentry'),(2,'Can change log entry',1,'change_logentry'),(3,'Can delete log entry',1,'delete_logentry'),(4,'Can add group',2,'add_group'),(5,'Can change group',2,'change_group'),(6,'Can delete group',2,'delete_group'),(7,'Can add permission',3,'add_permission'),(8,'Can change permission',3,'change_permission'),(9,'Can delete permission',3,'delete_permission'),(10,'Can add user',4,'add_user'),(11,'Can change user',4,'change_user'),(12,'Can delete user',4,'delete_user'),(13,'Can add content type',5,'add_contenttype'),(14,'Can change content type',5,'change_contenttype'),(15,'Can delete content type',5,'delete_contenttype'),(16,'Can add session',6,'add_session'),(17,'Can change session',6,'change_session'),(18,'Can delete session',6,'delete_session'),(19,'Can add news feed',7,'add_newsfeed'),(20,'Can change news feed',7,'change_newsfeed'),(21,'Can delete news feed',7,'delete_newsfeed'),(22,'Can add donate book',8,'add_donatebook'),(23,'Can change donate book',8,'change_donatebook'),(24,'Can delete donate book',8,'delete_donatebook'),(25,'Can add feedback',9,'add_feedback'),(26,'Can change feedback',9,'change_feedback'),(27,'Can delete feedback',9,'delete_feedback'),(28,'Can add user',10,'add_user'),(29,'Can change user',10,'change_user'),(30,'Can delete user',10,'delete_user'),(31,'Can add book_detail',11,'add_book_detail'),(32,'Can change book_detail',11,'change_book_detail'),(33,'Can delete book_detail',11,'delete_book_detail'),(34,'Can add issue_master',12,'add_issue_master'),(35,'Can change issue_master',12,'change_issue_master'),(36,'Can delete issue_master',12,'delete_issue_master'),(37,'Can add admin',13,'add_admin'),(38,'Can change admin',13,'change_admin'),(39,'Can delete admin',13,'delete_admin'),(40,'Can add orderbook',14,'add_orderbook'),(41,'Can change orderbook',14,'change_orderbook'),(42,'Can delete orderbook',14,'delete_orderbook');
/*!40000 ALTER TABLE `auth_permission` ENABLE KEYS */;
UNLOCK TABLES;

--
-- Table structure for table `auth_user`
--

DROP TABLE IF EXISTS `auth_user`;
/*!40101 SET @saved_cs_client     = @@character_set_client */;
/*!40101 SET character_set_client = utf8 */;
CREATE TABLE `auth_user` (
  `id` int(11) NOT NULL AUTO_INCREMENT,
  `password` varchar(128) NOT NULL,
  `last_login` datetime(6) DEFAULT NULL,
  `is_superuser` tinyint(1) NOT NULL,
  `username` varchar(150) NOT NULL,
  `first_name` varchar(30) NOT NULL,
  `last_name` varchar(30) NOT NULL,
  `email` varchar(254) NOT NULL,
  `is_staff` tinyint(1) NOT NULL,
  `is_active` tinyint(1) NOT NULL,
  `date_joined` datetime(6) NOT NULL,
  PRIMARY KEY (`id`),
  UNIQUE KEY `username` (`username`)
) ENGINE=InnoDB AUTO_INCREMENT=2 DEFAULT CHARSET=latin1;
/*!40101 SET character_set_client = @saved_cs_client */;

--
-- Dumping data for table `auth_user`
--

LOCK TABLES `auth_user` WRITE;
/*!40000 ALTER TABLE `auth_user` DISABLE KEYS */;
INSERT INTO `auth_user` VALUES (1,'pbkdf2_sha256$36000$RxxjtZ3nKhRe$8NJX2iLgpRLfuOziY/60cXHScL9GyErZiZ09jIOXxJ4=','2018-12-09 18:13:21.066329',1,'root','','','',1,1,'2018-12-08 20:13:03.457507');
/*!40000 ALTER TABLE `auth_user` ENABLE KEYS */;
UNLOCK TABLES;

--
-- Table structure for table `auth_user_groups`
--

DROP TABLE IF EXISTS `auth_user_groups`;
/*!40101 SET @saved_cs_client     = @@character_set_client */;
/*!40101 SET character_set_client = utf8 */;
CREATE TABLE `auth_user_groups` (
  `id` int(11) NOT NULL AUTO_INCREMENT,
  `user_id` int(11) NOT NULL,
  `group_id` int(11) NOT NULL,
  PRIMARY KEY (`id`),
  UNIQUE KEY `auth_user_groups_user_id_group_id_94350c0c_uniq` (`user_id`,`group_id`),
  KEY `auth_user_groups_group_id_97559544_fk_auth_group_id` (`group_id`),
  CONSTRAINT `auth_user_groups_group_id_97559544_fk_auth_group_id` FOREIGN KEY (`group_id`) REFERENCES `auth_group` (`id`),
  CONSTRAINT `auth_user_groups_user_id_6a12ed8b_fk_auth_user_id` FOREIGN KEY (`user_id`) REFERENCES `auth_user` (`id`)
) ENGINE=InnoDB DEFAULT CHARSET=latin1;
/*!40101 SET character_set_client = @saved_cs_client */;

--
-- Dumping data for table `auth_user_groups`
--

LOCK TABLES `auth_user_groups` WRITE;
/*!40000 ALTER TABLE `auth_user_groups` DISABLE KEYS */;
/*!40000 ALTER TABLE `auth_user_groups` ENABLE KEYS */;
UNLOCK TABLES;

--
-- Table structure for table `auth_user_user_permissions`
--

DROP TABLE IF EXISTS `auth_user_user_permissions`;
/*!40101 SET @saved_cs_client     = @@character_set_client */;
/*!40101 SET character_set_client = utf8 */;
CREATE TABLE `auth_user_user_permissions` (
  `id` int(11) NOT NULL AUTO_INCREMENT,
  `user_id` int(11) NOT NULL,
  `permission_id` int(11) NOT NULL,
  PRIMARY KEY (`id`),
  UNIQUE KEY `auth_user_user_permissions_user_id_permission_id_14a6b632_uniq` (`user_id`,`permission_id`),
  KEY `auth_user_user_permi_permission_id_1fbb5f2c_fk_auth_perm` (`permission_id`),
  CONSTRAINT `auth_user_user_permi_permission_id_1fbb5f2c_fk_auth_perm` FOREIGN KEY (`permission_id`) REFERENCES `auth_permission` (`id`),
  CONSTRAINT `auth_user_user_permissions_user_id_a95ead1b_fk_auth_user_id` FOREIGN KEY (`user_id`) REFERENCES `auth_user` (`id`)
) ENGINE=InnoDB DEFAULT CHARSET=latin1;
/*!40101 SET character_set_client = @saved_cs_client */;

--
-- Dumping data for table `auth_user_user_permissions`
--

LOCK TABLES `auth_user_user_permissions` WRITE;
/*!40000 ALTER TABLE `auth_user_user_permissions` DISABLE KEYS */;
/*!40000 ALTER TABLE `auth_user_user_permissions` ENABLE KEYS */;
UNLOCK TABLES;

--
-- Table structure for table `django_admin_log`
--

DROP TABLE IF EXISTS `django_admin_log`;
/*!40101 SET @saved_cs_client     = @@character_set_client */;
/*!40101 SET character_set_client = utf8 */;
CREATE TABLE `django_admin_log` (
  `id` int(11) NOT NULL AUTO_INCREMENT,
  `action_time` datetime(6) NOT NULL,
  `object_id` longtext,
  `object_repr` varchar(200) NOT NULL,
  `action_flag` smallint(5) unsigned NOT NULL,
  `change_message` longtext NOT NULL,
  `content_type_id` int(11) DEFAULT NULL,
  `user_id` int(11) NOT NULL,
  PRIMARY KEY (`id`),
  KEY `django_admin_log_content_type_id_c4bce8eb_fk_django_co` (`content_type_id`),
  KEY `django_admin_log_user_id_c564eba6_fk_auth_user_id` (`user_id`),
  CONSTRAINT `django_admin_log_content_type_id_c4bce8eb_fk_django_co` FOREIGN KEY (`content_type_id`) REFERENCES `django_content_type` (`id`),
  CONSTRAINT `django_admin_log_user_id_c564eba6_fk_auth_user_id` FOREIGN KEY (`user_id`) REFERENCES `auth_user` (`id`)
) ENGINE=InnoDB AUTO_INCREMENT=2 DEFAULT CHARSET=latin1;
/*!40101 SET character_set_client = @saved_cs_client */;

--
-- Dumping data for table `django_admin_log`
--

LOCK TABLES `django_admin_log` WRITE;
/*!40000 ALTER TABLE `django_admin_log` DISABLE KEYS */;
INSERT INTO `django_admin_log` VALUES (1,'2018-12-09 18:48:36.739757','20160010054','20160010054',1,'[{\"added\": {}}]',13,1);
/*!40000 ALTER TABLE `django_admin_log` ENABLE KEYS */;
UNLOCK TABLES;

--
-- Table structure for table `django_content_type`
--

DROP TABLE IF EXISTS `django_content_type`;
/*!40101 SET @saved_cs_client     = @@character_set_client */;
/*!40101 SET character_set_client = utf8 */;
CREATE TABLE `django_content_type` (
  `id` int(11) NOT NULL AUTO_INCREMENT,
  `app_label` varchar(100) NOT NULL,
  `model` varchar(100) NOT NULL,
  PRIMARY KEY (`id`),
  UNIQUE KEY `django_content_type_app_label_model_76bd3d3b_uniq` (`app_label`,`model`)
) ENGINE=InnoDB AUTO_INCREMENT=15 DEFAULT CHARSET=latin1;
/*!40101 SET character_set_client = @saved_cs_client */;

--
-- Dumping data for table `django_content_type`
--

LOCK TABLES `django_content_type` WRITE;
/*!40000 ALTER TABLE `django_content_type` DISABLE KEYS */;
INSERT INTO `django_content_type` VALUES (1,'admin','logentry'),(2,'auth','group'),(3,'auth','permission'),(4,'auth','user'),(5,'contenttypes','contenttype'),(13,'library','admin'),(11,'library','book_detail'),(8,'library','donatebook'),(9,'library','feedback'),(12,'library','issue_master'),(7,'library','newsfeed'),(14,'library','orderbook'),(10,'library','user'),(6,'sessions','session');
/*!40000 ALTER TABLE `django_content_type` ENABLE KEYS */;
UNLOCK TABLES;

--
-- Table structure for table `django_migrations`
--

DROP TABLE IF EXISTS `django_migrations`;
/*!40101 SET @saved_cs_client     = @@character_set_client */;
/*!40101 SET character_set_client = utf8 */;
CREATE TABLE `django_migrations` (
  `id` int(11) NOT NULL AUTO_INCREMENT,
  `app` varchar(255) NOT NULL,
  `name` varchar(255) NOT NULL,
  `applied` datetime(6) NOT NULL,
  PRIMARY KEY (`id`)
) ENGINE=InnoDB AUTO_INCREMENT=15 DEFAULT CHARSET=latin1;
/*!40101 SET character_set_client = @saved_cs_client */;

--
-- Dumping data for table `django_migrations`
--

LOCK TABLES `django_migrations` WRITE;
/*!40000 ALTER TABLE `django_migrations` DISABLE KEYS */;
INSERT INTO `django_migrations` VALUES (1,'contenttypes','0001_initial','2018-12-08 20:11:47.894926'),(2,'auth','0001_initial','2018-12-08 20:11:48.390126'),(3,'admin','0001_initial','2018-12-08 20:11:48.518292'),(4,'admin','0002_logentry_remove_auto_add','2018-12-08 20:11:48.540521'),(5,'contenttypes','0002_remove_content_type_name','2018-12-08 20:11:48.635108'),(6,'auth','0002_alter_permission_name_max_length','2018-12-08 20:11:48.652783'),(7,'auth','0003_alter_user_email_max_length','2018-12-08 20:11:48.686410'),(8,'auth','0004_alter_user_username_opts','2018-12-08 20:11:48.707961'),(9,'auth','0005_alter_user_last_login_null','2018-12-08 20:11:48.754281'),(10,'auth','0006_require_contenttypes_0002','2018-12-08 20:11:48.759581'),(11,'auth','0007_alter_validators_add_error_messages','2018-12-08 20:11:48.778164'),(12,'auth','0008_alter_user_username_max_length','2018-12-08 20:11:48.798989'),(13,'sessions','0001_initial','2018-12-08 20:11:48.825881'),(14,'library','0001_initial','2018-12-08 20:12:29.699441');
/*!40000 ALTER TABLE `django_migrations` ENABLE KEYS */;
UNLOCK TABLES;

--
-- Table structure for table `django_session`
--

DROP TABLE IF EXISTS `django_session`;
/*!40101 SET @saved_cs_client     = @@character_set_client */;
/*!40101 SET character_set_client = utf8 */;
CREATE TABLE `django_session` (
  `session_key` varchar(40) NOT NULL,
  `session_data` longtext NOT NULL,
  `expire_date` datetime(6) NOT NULL,
  PRIMARY KEY (`session_key`),
  KEY `django_session_expire_date_a5c62663` (`expire_date`)
) ENGINE=InnoDB DEFAULT CHARSET=latin1;
/*!40101 SET character_set_client = @saved_cs_client */;

--
-- Dumping data for table `django_session`
--

LOCK TABLES `django_session` WRITE;
/*!40000 ALTER TABLE `django_session` DISABLE KEYS */;
INSERT INTO `django_session` VALUES ('jk7q42jguiafq22jdbdd5lbtt4xhqvff','NDlkZGVmMGUxMTMyNzQyZWVlNzc2YmYxN2YzODAzYmY1YzVlZjAyMDp7Il9hdXRoX3VzZXJfaGFzaCI6IjJjN2Y0MmYyOTE3ZTU1MzBjYWYwNGZjOTE3M2EzZjhjMTkxOTgwZTQiLCJfYXV0aF91c2VyX2JhY2tlbmQiOiJkamFuZ28uY29udHJpYi5hdXRoLmJhY2tlbmRzLk1vZGVsQmFja2VuZCIsIl9hdXRoX3VzZXJfaWQiOiIxIiwiaWQiOiIyMDE2MDAxMDA1NCJ9','2018-12-23 21:09:27.733203'),('mop2dcpx5ln0fnv6m1px1u170m90xvlt','Mjc5OGM3ZDlhMTU5YWM2ZmQxY2RhMGE2MWUxYmM0ZTliYTY1NGEwMTp7Il9hdXRoX3VzZXJfaWQiOiIxIiwiX2F1dGhfdXNlcl9oYXNoIjoiMmM3ZjQyZjI5MTdlNTUzMGNhZjA0ZmM5MTczYTNmOGMxOTE5ODBlNCIsIl9hdXRoX3VzZXJfYmFja2VuZCI6ImRqYW5nby5jb250cmliLmF1dGguYmFja2VuZHMuTW9kZWxCYWNrZW5kIn0=','2018-12-22 20:47:03.941842');
/*!40000 ALTER TABLE `django_session` ENABLE KEYS */;
UNLOCK TABLES;

--
-- Table structure for table `library_admin`
--

DROP TABLE IF EXISTS `library_admin`;
/*!40101 SET @saved_cs_client     = @@character_set_client */;
/*!40101 SET character_set_client = utf8 */;
CREATE TABLE `library_admin` (
  `Admin_id` varchar(45) NOT NULL,
  `Admin_name` varchar(45) NOT NULL,
  `Admin_mail` varchar(45) NOT NULL,
  `Admin_pwd` varchar(45) NOT NULL,
  PRIMARY KEY (`Admin_id`)
) ENGINE=InnoDB DEFAULT CHARSET=latin1;
/*!40101 SET character_set_client = @saved_cs_client */;

--
-- Dumping data for table `library_admin`
--

LOCK TABLES `library_admin` WRITE;
/*!40000 ALTER TABLE `library_admin` DISABLE KEYS */;
INSERT INTO `library_admin` VALUES ('20160010054','pavansai','pavansai.m16@iiits.in','password');
/*!40000 ALTER TABLE `library_admin` ENABLE KEYS */;
UNLOCK TABLES;

--
-- Table structure for table `library_book_detail`
--

DROP TABLE IF EXISTS `library_book_detail`;
/*!40101 SET @saved_cs_client     = @@character_set_client */;
/*!40101 SET character_set_client = utf8 */;
CREATE TABLE `library_book_detail` (
  `Book_id` int(11) NOT NULL AUTO_INCREMENT,
  `Book_name` varchar(45) NOT NULL,
  `Edition` varchar(45) NOT NULL,
  `Author` varchar(45) NOT NULL,
  `Price` varchar(45) NOT NULL,
  `Bool` varchar(45) NOT NULL,
  `Created_by` varchar(45) DEFAULT NULL,
  `Created_at` datetime(6) DEFAULT NULL,
  `Modified_by` varchar(45) DEFAULT NULL,
  `Modified_at` datetime(6) DEFAULT NULL,
  PRIMARY KEY (`Book_id`)
) ENGINE=InnoDB AUTO_INCREMENT=2389 DEFAULT CHARSET=latin1;
/*!40101 SET character_set_client = @saved_cs_client */;

--
-- Dumping data for table `library_book_detail`
--

LOCK TABLES `library_book_detail` WRITE;
/*!40000 ALTER TABLE `library_book_detail` DISABLE KEYS */;
INSERT INTO `library_book_detail` VALUES (1,'Algorithm Design','2013','Kleinberg jon','699','0',NULL,NULL,NULL,NULL),(2,'Algorithms','2013','Dasgupta Sanjoy','595','0',NULL,NULL,NULL,NULL),(3,'Discrete and Combinatorial Mathematics','2014','Grimaldi Ralph P.','775','0',NULL,NULL,NULL,NULL),(4,'Discrete and Combinatorial Mathematics','2014','Grimaldi Ralph P.','775','0',NULL,NULL,NULL,NULL),(5,'Discrete Mathematics and Its applications','2014','Rosen H. Kenneth','699','0',NULL,NULL,NULL,NULL),(6,'Discrete Mathematics and Its applications','2014','Rosen H. Kenneth','699','0',NULL,NULL,NULL,NULL),(7,'Elements of Discrete Mathematics: A computer ','2014','Liu C L','450','0',NULL,NULL,NULL,NULL),(8,'Elements of Discrete Mathematics: A computer ','2014','Liu C L','450','0',NULL,NULL,NULL,NULL),(9,'Graphy theory','2013','Bondy J.A','995','0',NULL,NULL,NULL,NULL),(10,'Graphy theory','2013','Bondy J.A','995','0',NULL,NULL,NULL,NULL),(11,'Introduction to algorithms','2012','Cormen H.Thomas','995','0',NULL,NULL,NULL,NULL),(12,'Introduction to algorithms','2012','Cormen H.Thomas','995','0',NULL,NULL,NULL,NULL),(13,'Introduction to Graph Theory','2015','West Douglas B.','350','0',NULL,NULL,NULL,NULL),(14,'Introduction to Graph Theory','2015','West Douglas B.','350','0',NULL,NULL,NULL,NULL),(15,'Introduction to algorithms','2012','Cormen H.Thomas','995','0',NULL,NULL,NULL,NULL),(16,'Introduction to algorithms','2012','Cormen H.Thomas','995','0',NULL,NULL,NULL,NULL),(17,'Introduction to algorithms','2012','Cormen H.Thomas','995','0',NULL,NULL,NULL,NULL),(18,'The C ++ Programming Language','2009','Stroustrup Bjarne','825','0',NULL,NULL,NULL,NULL),(19,'The C Programming Language','2012','Kernighan W. Brain','225','0',NULL,NULL,NULL,NULL),(20,'Digital Design: With an Introduction to the V','2013','Mano Morris .M','599','0',NULL,NULL,NULL,NULL),(21,'Digital Design: With an Introduction to the V','2013','Mano Morris .M','599','0',NULL,NULL,NULL,NULL),(22,'Digital Design: With an Introduction to the V','2013','Mano Morris .M','599','0',NULL,NULL,NULL,NULL),(23,'Communication Systems','2013','Haykin Simon','549','0',NULL,NULL,NULL,NULL),(24,'Communication Systems','2013','Haykin Simon','549','0',NULL,NULL,NULL,NULL),(25,'Digital Design : Principles and Practices','2013','Wakerly John F.','675','0',NULL,NULL,NULL,NULL),(26,'Digital Design : Principles and Practices','2013','Wakerly John F.','675','0',NULL,NULL,NULL,NULL),(27,'Digital Design : Principles and Practices','2013','Wakerly John F.','675','0',NULL,NULL,NULL,NULL),(28,'Digital Image Processing','2014','Gonzalez Rafael C.','799','0',NULL,NULL,NULL,NULL),(29,'Digital Image Processing','2014','Gonzalez Rafael C.','799','0',NULL,NULL,NULL,NULL),(30,'Digital Image Processing','2014','Gonzalez Rafael C.','799','0',NULL,NULL,NULL,NULL),(31,'Digital Image Processing','2014','Gonzalez Rafael C.','799','0',NULL,NULL,NULL,NULL),(32,'Digital Image Processing','2014','Gonzalez Rafael C.','799','0',NULL,NULL,NULL,NULL),(33,'Digital Logic and Computer Design','2013','Mano Morris.M','600','0',NULL,NULL,NULL,NULL),(34,'Digital Logic and Computer Design','2013','Mano Morris.M','600','0',NULL,NULL,NULL,NULL),(35,'Digital signal Processing','2012','Oppenheim v. Alan','240','0',NULL,NULL,NULL,NULL),(36,'\"Digital signal Processing: Principles',' algorithms & Applications\"','Proakis John G.','2014','750',NULL,NULL,NULL,NULL),(37,'\"Digital signal Processing: Principles',' algorithms & Applications\"','Proakis John G.','2014','750',NULL,NULL,NULL,NULL),(38,'Discrete time signal Processing','2013','Oppenheim v. Alan','550','0',NULL,NULL,NULL,NULL),(39,'Discrete time signal Processing','2013','Oppenheim v. Alan','550','0',NULL,NULL,NULL,NULL),(40,'Discrete time signal Processing','2013','Oppenheim v. Alan','550','0',NULL,NULL,NULL,NULL),(41,'Fundamentals of Speech Recognition','2009','Rabiner Lawrence','699','0',NULL,NULL,NULL,NULL),(42,'Graphy theory','2013','Bondy J.A','995','0',NULL,NULL,NULL,NULL),(43,'Introduction to Probability Models','2014','Ross Sheldon','510','0',NULL,NULL,NULL,NULL),(44,'Introduction to Probability Models','2014','Ross Sheldon','510','0',NULL,NULL,NULL,NULL),(45,'Introduction to Probability Models','2014','Ross Sheldon','510','0',NULL,NULL,NULL,NULL),(46,'Kennedy\'s Electronics communication Systems','2013','Kennedy George','625','0',NULL,NULL,NULL,NULL),(47,'Kennedy\'s Electronics communication Systems','2013','Kennedy George','625','0',NULL,NULL,NULL,NULL),(48,'Kennedy\'s Electronics communication Systems','2013','Kennedy George','625','0',NULL,NULL,NULL,NULL),(49,'John E. Freund\'s Mathematical statistics with','2009','Miller Irwin','650','0',NULL,NULL,NULL,NULL),(50,'John E. Freund\'s Mathematical statistics with','2009','Miller Irwin','650','0',NULL,NULL,NULL,NULL),(51,'John E. Freund\'s Mathematical statistics with','2009','Miller Irwin','650','0',NULL,NULL,NULL,NULL),(52,'Principles of linear systems and signals','2013','Lathi.B.P','605','0',NULL,NULL,NULL,NULL),(53,'Principles of linear systems and signals','2013','Lathi.B.P','605','0',NULL,NULL,NULL,NULL),(54,'Principles of linear systems and signals','2013','Lathi.B.P','605','0',NULL,NULL,NULL,NULL),(55,'Principles of linear systems and signals','2013','Lathi.B.P','605','0',NULL,NULL,NULL,NULL),(56,'Signals and systems','2014','Haykin Simon','639','0',NULL,NULL,NULL,NULL),(57,'Signals and systems','2014','Haykin Simon','639','0',NULL,NULL,NULL,NULL),(58,'\"Theory and application of Digital signal Pro',' algorithms & Applications\"','Rabiner.R Lawrence','2011','295',NULL,NULL,NULL,NULL),(59,'\"Theory and application of Digital signal Pro',' algorithms & Applications\"','Rabiner.R Lawrence','2011','295',NULL,NULL,NULL,NULL),(60,'\"Theory and application of Digital signal Pro',' algorithms & Applications\"','Rabiner.R Lawrence','2011','295',NULL,NULL,NULL,NULL),(61,'\"Digital signal Processing: Principles',' algorithms & Applications\"','Proakis John G.','2014','750',NULL,NULL,NULL,NULL),(62,'Fundamentals of Speech Recognition','2009','Rabiner Lawrence','699','0',NULL,NULL,NULL,NULL),(63,'Algorithm Design','2015','Kleinberg Jon','785','0',NULL,NULL,NULL,NULL),(64,'Algorithm Design','2015','Kleinberg Jon','785','0',NULL,NULL,NULL,NULL),(65,'Communication Systems','2013','Haykin Simon','549','0',NULL,NULL,NULL,NULL),(66,'Communication Systems','2013','Haykin Simon','549','0',NULL,NULL,NULL,NULL),(67,'Fundamentals of Speech Recognition','2009','Rabiner Lawrence','699','0',NULL,NULL,NULL,NULL),(68,'The C Programming Language','2012','Kernighan W. Brain','225','0',NULL,NULL,NULL,NULL),(69,'The C Programming Language','2012','Kernighan W. Brain','225','0',NULL,NULL,NULL,NULL),(70,'Digital Image Processing','2014','Gonzalez Rafael C.','875','0',NULL,NULL,NULL,NULL),(71,'Digital Image Processing','2014','Gonzalez Rafael C.','875','0',NULL,NULL,NULL,NULL),(72,'Digital Image Processing','2014','Gonzalez Rafael C.','875','0',NULL,NULL,NULL,NULL),(73,'Digital Image Processing','2014','Gonzalez Rafael C.','875','0',NULL,NULL,NULL,NULL),(74,'Digital Image Processing','2014','Gonzalez Rafael C.','875','0',NULL,NULL,NULL,NULL),(75,'Signals and systems','2013','HSU Hwei P','485','0',NULL,NULL,NULL,NULL),(76,'Signals and systems','2013','HSU Hwei P','485','0',NULL,NULL,NULL,NULL),(77,'Signals and systems','2013','HSU Hwei P','485','0',NULL,NULL,NULL,NULL),(78,'Signals and systems','2015','Oppenheim v. Alan','525','0',NULL,NULL,NULL,NULL),(79,'Signals and systems','2015','Oppenheim v. Alan','525','0',NULL,NULL,NULL,NULL),(80,'Signals and systems','2015','Oppenheim v. Alan','525','0',NULL,NULL,NULL,NULL),(81,'Signals and systems','2015','Oppenheim v. Alan','525','0',NULL,NULL,NULL,NULL),(82,'Signals and systems','2015','Oppenheim v. Alan','525','0',NULL,NULL,NULL,NULL),(83,'Signals and systems','2015','Oppenheim v. Alan','525','0',NULL,NULL,NULL,NULL),(84,'Signals and systems','2015','Oppenheim v. Alan','525','0',NULL,NULL,NULL,NULL),(85,'Signals and systems','2014','Haykin Simon','689','0',NULL,NULL,NULL,NULL),(86,'Signals and systems','2014','Haykin Simon','689','0',NULL,NULL,NULL,NULL),(87,'Signals and systems','2014','Haykin Simon','689','0',NULL,NULL,NULL,NULL),(88,'Signals and systems','2014','Haykin Simon','689','0',NULL,NULL,NULL,NULL),(89,'Computer Science: A Structured programmin app','2007','Forouzan S. Behrouz','550','0',NULL,NULL,NULL,NULL),(90,'Computer Science: A Structured programmin app','2007','Forouzan S. Behrouz','550','0',NULL,NULL,NULL,NULL),(91,'Computer Science: A Structured programmin app','2007','Forouzan S. Behrouz','550','0',NULL,NULL,NULL,NULL),(92,'Fundamentals of Computer algorithms','2013','Horowitz Ellis','410','0',NULL,NULL,NULL,NULL),(93,'Fundamentals of Computer algorithms','2013','Horowitz Ellis','410','0',NULL,NULL,NULL,NULL),(94,'Principles of linear systems and signals','2013','Lathi.B.P','605','0',NULL,NULL,NULL,NULL),(95,'Principles of linear systems and signals','2013','Lathi.B.P','605','0',NULL,NULL,NULL,NULL),(96,'Digital signal Processing','2012','Oppenheim v. Alan','325','0',NULL,NULL,NULL,NULL),(97,'Digital signal Processing','2012','Oppenheim v. Alan','325','0',NULL,NULL,NULL,NULL),(98,'Digital signal Processing','2012','Oppenheim v. Alan','325','0',NULL,NULL,NULL,NULL),(99,'Digital signal Processing','2012','Oppenheim v. Alan','325','0',NULL,NULL,NULL,NULL),(100,'Introduction to Digital signal Processing','2005','Johnny R. Johnson','250','0',NULL,NULL,NULL,NULL),(101,'Introduction to Digital signal Processing','2005','Johnny R. Johnson','250','0',NULL,NULL,NULL,NULL),(102,'Introduction to Digital signal Processing','2005','Johnny R. Johnson','250','0',NULL,NULL,NULL,NULL),(103,'Fundamentals of Computer algorithms','2013','Horowitz Ellis','410','0',NULL,NULL,NULL,NULL),(104,'Fundamentals of Computer algorithms','2013','Horowitz Ellis','410','0',NULL,NULL,NULL,NULL),(105,'Fundamentals of Computer algorithms','2013','Horowitz Ellis','410','0',NULL,NULL,NULL,NULL),(106,'Fundamentals of Computer algorithms','2013','Horowitz Ellis','410','0',NULL,NULL,NULL,NULL),(107,'Fundamentals of Computer algorithms','2013','Horowitz Ellis','410','0',NULL,NULL,NULL,NULL),(108,'Algorithm Design','2015','Kleinberg jon','785','0',NULL,NULL,NULL,NULL),(109,'Algorithm Design','2015','Kleinberg jon','785','0',NULL,NULL,NULL,NULL),(110,'Algorithms','2011','Dasgupta Sanjoy','595','0',NULL,NULL,NULL,NULL),(111,'Introduction to Graph Theory','2015','West Douglas B.','350','0',NULL,NULL,NULL,NULL),(112,'Introduction to Graph Theory','2015','West Douglas B.','350','0',NULL,NULL,NULL,NULL),(113,'Operating Systems Concepts','2015','Silberschatz Abraham','579','0',NULL,NULL,NULL,NULL),(114,'Operating Systems Concepts','2015','Silberschatz Abraham','579','0',NULL,NULL,NULL,NULL),(115,'Operating Systems Concepts','2015','Silberschatz Abraham','579','0',NULL,NULL,NULL,NULL),(116,'Operating Systems Concepts','2015','Silberschatz Abraham','579','0',NULL,NULL,NULL,NULL),(117,'Operating Systems Concepts','2015','Silberschatz Abraham','579','0',NULL,NULL,NULL,NULL),(118,'The C Programming Language','2012','Kernighan W. Brain','225','0',NULL,NULL,NULL,NULL),(119,'The C Programming Language','2012','Kernighan W. Brain','225','0',NULL,NULL,NULL,NULL),(120,'Algorithms','2011','Dasgupta Sanjoy','595','0',NULL,NULL,NULL,NULL),(121,'Operating Systems : A Design Oriented Approac','2013','Crowley Charles','905','0',NULL,NULL,NULL,NULL),(122,'Operating Systems : A Design Oriented Approac','2013','Crowley Charles','905','0',NULL,NULL,NULL,NULL),(123,'Operating Systems : A Design Oriented Approac','2013','Crowley Charles','905','0',NULL,NULL,NULL,NULL),(124,'Computer Science: A Structured programmin app','2007','Forouzan S. Behrouz','575','0',NULL,NULL,NULL,NULL),(125,'Computer Science: A Structured programmin app','2007','Forouzan S. Behrouz','575','0',NULL,NULL,NULL,NULL),(126,'Discrete Mathematics and Its applications','2014','Rosen H. Kenneth','699','0',NULL,NULL,NULL,NULL),(127,'Discrete Mathematics and Its applications','2014','Rosen H. Kenneth','699','0',NULL,NULL,NULL,NULL),(128,'Discrete Mathematics and Its applications','2014','Rosen H. Kenneth','699','0',NULL,NULL,NULL,NULL),(129,'The C ++ Programming Language','2009','Stroustrup Bjarne','825','0',NULL,NULL,NULL,NULL),(130,'Communication Systems','2013','Haykin Simon','709','0',NULL,NULL,NULL,NULL),(131,'Communication Systems','2013','Haykin Simon','709','0',NULL,NULL,NULL,NULL),(132,'Communication Systems','2013','Haykin Simon','709','0',NULL,NULL,NULL,NULL),(133,'Communication Systems','2013','Haykin Simon','709','0',NULL,NULL,NULL,NULL),(134,'Communication Systems','2013','Haykin Simon','709','0',NULL,NULL,NULL,NULL),(135,'Operating Systems: Internals and Design Princ','2015','Stallings William','799','0',NULL,NULL,NULL,NULL),(136,'Operating Systems: Internals and Design Princ','2015','Stallings William','799','0',NULL,NULL,NULL,NULL),(137,'Operating Systems: Internals and Design Princ','2015','Stallings William','799','0',NULL,NULL,NULL,NULL),(138,'Operating Systems: Internals and Design Princ','2015','Stallings William','799','0',NULL,NULL,NULL,NULL),(139,'Operating Systems: Internals and Design Princ','2015','Stallings William','799','0',NULL,NULL,NULL,NULL),(140,'Introduction to Automat theory languages and ','2013','Hopcraft John E.','575','0',NULL,NULL,NULL,NULL),(141,'Introduction to Automat theory languages and ','2013','Hopcraft John E.','575','0',NULL,NULL,NULL,NULL),(142,'Introduction to Automat theory languages and ','2013','Hopcraft John E.','575','0',NULL,NULL,NULL,NULL),(143,'Introduction to The theory of Computation','2013','Sipser Michael','325','0',NULL,NULL,NULL,NULL),(144,'Introduction to The theory of Computation','2013','Sipser Michael','325','0',NULL,NULL,NULL,NULL),(145,'Introduction to The theory of Computation','2013','Sipser Michael','325','0',NULL,NULL,NULL,NULL),(146,'Engineering circiut Analysis','2013','Hayt William h.','615','0',NULL,NULL,NULL,NULL),(147,'Engineering circiut Analysis','2013','Hayt William h.','615','0',NULL,NULL,NULL,NULL),(148,'Engineering circiut Analysis','2013','Hayt William h.','615','0',NULL,NULL,NULL,NULL),(149,'Engineering circiut Analysis','2013','Hayt William h.','615','0',NULL,NULL,NULL,NULL),(150,'Engineering circiut Analysis','2013','Hayt William h.','615','0',NULL,NULL,NULL,NULL),(151,'Engineering circiut Analysis','2013','Hayt William h.','615','0',NULL,NULL,NULL,NULL),(152,'Engineering circiut Analysis','2013','Hayt William h.','615','0',NULL,NULL,NULL,NULL),(153,'Circuits and Networks: Analysis and Syntesis','2013','Sudhakar A','485','0',NULL,NULL,NULL,NULL),(154,'Circuits and Networks: Analysis and Syntesis','2013','Sudhakar A','485','0',NULL,NULL,NULL,NULL),(155,'Circuits and Networks: Analysis and Syntesis','2013','Sudhakar A','485','0',NULL,NULL,NULL,NULL),(156,'Circuits and Networks: Analysis and Syntesis','2013','Sudhakar A','485','0',NULL,NULL,NULL,NULL),(157,'Circuits and Networks: Analysis and Syntesis','2013','Sudhakar A','485','0',NULL,NULL,NULL,NULL),(158,'A First Course in Probability','2014','Ross Sheldon','699','0',NULL,NULL,NULL,NULL),(159,'A First Course in Probability','2014','Ross Sheldon','699','0',NULL,NULL,NULL,NULL),(160,'A First Course in Probability','2014','Ross Sheldon','699','0',NULL,NULL,NULL,NULL),(161,'Advenced Engineering Mathematics','2013','Kreyszig Erwin','719','0',NULL,NULL,NULL,NULL),(162,'Advenced Engineering Mathematics','2013','Kreyszig Erwin','719','0',NULL,NULL,NULL,NULL),(163,'An Introduction to analog and Digital communi','2005','Haykin Simon','550','0',NULL,NULL,NULL,NULL),(164,'An Introduction to analog and Digital communi','2005','Haykin Simon','550','0',NULL,NULL,NULL,NULL),(165,'Basic abstract algebra','2012','Bhattacharya P.B.','345','0',NULL,NULL,NULL,NULL),(166,'Communication Systems','2013','Haykin Simon','709','0',NULL,NULL,NULL,NULL),(167,'Communication Systems','2013','Haykin Simon','709','0',NULL,NULL,NULL,NULL),(168,'Communication Systems','2013','Haykin Simon','709','0',NULL,NULL,NULL,NULL),(169,'Communication Systems','2013','Haykin Simon','709','0',NULL,NULL,NULL,NULL),(170,'Communication Systems','2013','Haykin Simon','709','0',NULL,NULL,NULL,NULL),(171,'Computer Organization','2011','Hamacher Carl','725','0',NULL,NULL,NULL,NULL),(172,'Computer Organization','2011','Hamacher Carl','725','0',NULL,NULL,NULL,NULL),(173,'Computer Organization','2011','Hamacher Carl','725','0',NULL,NULL,NULL,NULL),(174,'Computer Organization and Architechture : Des','2014','Stallings William','610','0',NULL,NULL,NULL,NULL),(175,'Computer Organization and Architechture : Des','2014','Stallings William','610','0',NULL,NULL,NULL,NULL),(176,'Computer Organization and Architechture : Des','2014','Stallings William','610','0',NULL,NULL,NULL,NULL),(177,'Computer as Components : Principles of embedd','2013','Wolf Marilyn','450','0',NULL,NULL,NULL,NULL),(178,'Computer as Components : Principles of embedd','2013','Wolf Marilyn','450','0',NULL,NULL,NULL,NULL),(179,'Computer as Components : Principles of embedd','2013','Wolf Marilyn','450','0',NULL,NULL,NULL,NULL),(180,'Computer as Components : Principles of embedd','2013','Wolf Marilyn','450','0',NULL,NULL,NULL,NULL),(181,'Computer as Components : Principles of embedd','2013','Wolf Marilyn','450','0',NULL,NULL,NULL,NULL),(182,'Data Networks','2009','Bertsekas Dimitri','395','0',NULL,NULL,NULL,NULL),(183,'Data Networks','2009','Bertsekas Dimitri','395','0',NULL,NULL,NULL,NULL),(184,'Data Networks','2009','Bertsekas Dimitri','395','0',NULL,NULL,NULL,NULL),(185,'\"Data Structures ',' algorithm analysis in C\"','Weiss Mark Allen','2014','675',NULL,NULL,NULL,NULL),(186,'\"Data Structures ',' algorithm analysis in C++\"','Weiss Mark Allen','2013','699',NULL,NULL,NULL,NULL),(187,'\"Data Structures ',' algorithm analysis in C++\"','Weiss Mark Allen','2013','699',NULL,NULL,NULL,NULL),(188,'\"Data Structures ',' algorithm analysis in C++\"','Weiss Mark Allen','2013','699',NULL,NULL,NULL,NULL),(189,'\"Data Structures ',' algorithm analysis in C++\"','Weiss Mark Allen','2013','699',NULL,NULL,NULL,NULL),(190,'Kennedy\'s Electronics communication Systems','2013','Kennedy George','625','0',NULL,NULL,NULL,NULL),(191,'Linear Algebra and its applications','2014','Strang Gilbert','350','0',NULL,NULL,NULL,NULL),(192,'Linear Algebra and its applications','2014','Strang Gilbert','350','0',NULL,NULL,NULL,NULL),(193,'Linear Algebra and its applications','2014','Strang Gilbert','350','0',NULL,NULL,NULL,NULL),(194,'OP AMPs and Linear Integrated Circuits','2011','Gayakwad Ramakant A.','250','0',NULL,NULL,NULL,NULL),(195,'OP AMPs and Linear Integrated Circuits','2011','Gayakwad Ramakant A.','250','0',NULL,NULL,NULL,NULL),(196,'OP AMPs and Linear Integrated Circuits','2011','Gayakwad Ramakant A.','250','0',NULL,NULL,NULL,NULL),(197,'Schaum\'s Data Structures with C','2011','Lipschutz Seymour','425','0',NULL,NULL,NULL,NULL),(198,'Schaum\'s Data Structures with C','2011','Lipschutz Seymour','425','0',NULL,NULL,NULL,NULL),(199,'Schaum\'s Data Structures with C','2011','Lipschutz Seymour','425','0',NULL,NULL,NULL,NULL),(200,'Topics in algebra','2011','Herstein I. N.','399','0',NULL,NULL,NULL,NULL),(201,'Topics in algebra','2011','Herstein I. N.','399','0',NULL,NULL,NULL,NULL),(202,'Topics in algebra','2011','Herstein I. N.','399','0',NULL,NULL,NULL,NULL),(203,'UNIX Network Programming','2009','Stevens W. Richard','325','0',NULL,NULL,NULL,NULL),(204,'UNIX Network Programming','2009','Stevens W. Richard','325','0',NULL,NULL,NULL,NULL),(205,'A First Course in Probability','2014','Ross Sheldon','699','0',NULL,NULL,NULL,NULL),(206,'A First Course in Probability','2014','Ross Sheldon','699','0',NULL,NULL,NULL,NULL),(207,'Advenced Engineering Mathematics','2013','Kreyszig  Erwin','719','0',NULL,NULL,NULL,NULL),(208,'Advenced Engineering Mathematics','2013','Kreyszig  Erwin','719','0',NULL,NULL,NULL,NULL),(209,'Advenced Engineering Mathematics','2013','Kreyszig  Erwin','719','0',NULL,NULL,NULL,NULL),(210,'Basic abstract algebra','2012','Bhattacharya P.B.','345','0',NULL,NULL,NULL,NULL),(211,'Basic abstract algebra','2012','Bhattacharya P.B.','345','0',NULL,NULL,NULL,NULL),(212,'Basic abstract algebra','2012','Bhattacharya P.B.','345','0',NULL,NULL,NULL,NULL),(213,'Basic abstract algebra','2012','Bhattacharya P.B.','345','0',NULL,NULL,NULL,NULL),(214,'Complex Variables','2014','Spiegel Murray R','530','0',NULL,NULL,NULL,NULL),(215,'Complex Variables','2014','Spiegel Murray R','530','0',NULL,NULL,NULL,NULL),(216,'Complex Variables','2014','Spiegel Murray R','530','0',NULL,NULL,NULL,NULL),(217,'Complex Variables','2014','Spiegel Murray R','530','0',NULL,NULL,NULL,NULL),(218,'Complex Variables','2014','Spiegel Murray R','530','0',NULL,NULL,NULL,NULL),(219,'Computer Architecture and parallel Processing','1985','Hwang Kai','8','0',NULL,NULL,NULL,NULL),(220,'Computer Architecture and parallel Processing','1985','Hwang Kai','8','0',NULL,NULL,NULL,NULL),(221,'Computer Architecture and parallel Processing','1985','Hwang Kai','8','0',NULL,NULL,NULL,NULL),(222,'Computer Networks: A systems Approach','2014','Peterson Larry L.','525','0',NULL,NULL,NULL,NULL),(223,'Computer Networks: A systems Approach','2014','Peterson Larry L.','525','0',NULL,NULL,NULL,NULL),(224,'Computer Networks: A systems Approach','2014','Peterson Larry L.','525','0',NULL,NULL,NULL,NULL),(225,'Computer Organization and Design','2010','Patterson David A','525','0',NULL,NULL,NULL,NULL),(226,'Computer Organization and Design','2010','Patterson David A','525','0',NULL,NULL,NULL,NULL),(227,'Computer Organization and Design','2010','Patterson David A','525','0',NULL,NULL,NULL,NULL),(228,'Computer Organization and Design','2010','Patterson David A','525','0',NULL,NULL,NULL,NULL),(229,'Computer Organization and Design','2010','Patterson David A','525','0',NULL,NULL,NULL,NULL),(230,'Computer Organization and Design','2010','Patterson David A','525','0',NULL,NULL,NULL,NULL),(231,'Computer Organization and Design','2010','Patterson David A','525','0',NULL,NULL,NULL,NULL),(232,'Computer Organization and Design','2010','Patterson David A','525','0',NULL,NULL,NULL,NULL),(233,'Computer Organization and Design','2010','Patterson David A','525','0',NULL,NULL,NULL,NULL),(234,'Computer Organization and Design','2010','Patterson David A','525','0',NULL,NULL,NULL,NULL),(235,'Computer systems architecture','2013','Mano Morris.M','535','0',NULL,NULL,NULL,NULL),(236,'Computer systems architecture','2013','Mano Morris.M','535','0',NULL,NULL,NULL,NULL),(237,'Computer systems architecture','2013','Mano Morris.M','535','0',NULL,NULL,NULL,NULL),(238,'Computer Networks : a Top down approach','2015','Kurose James F.','750','0',NULL,NULL,NULL,NULL),(239,'Computer Networks : a Top down approach','2015','Kurose James F.','750','0',NULL,NULL,NULL,NULL),(240,'Computer Networks : a Top down approach','2015','Kurose James F.','750','0',NULL,NULL,NULL,NULL),(241,'Computer Networks : a Top down approach','2015','Kurose James F.','750','0',NULL,NULL,NULL,NULL),(242,'Computer Networks : a Top down approach','2015','Kurose James F.','750','0',NULL,NULL,NULL,NULL),(243,'Data and Comupter Communication','2014','Stallings William','785','0',NULL,NULL,NULL,NULL),(244,'Data and Comupter Communication','2014','Stallings William','785','0',NULL,NULL,NULL,NULL),(245,'Data and Comupter Communication','2014','Stallings William','785','0',NULL,NULL,NULL,NULL),(246,'\"Data Structures ',' algorithms & applications in C++\"','Sahni Sartaj','2009','450',NULL,NULL,NULL,NULL),(247,'\"Data Structures ',' algorithms & applications in C++\"','Sahni Sartaj','2009','450',NULL,NULL,NULL,NULL),(248,'\"Data Structures ',' algorithms & applications in C++\"','Sahni Sartaj','2009','450',NULL,NULL,NULL,NULL),(249,'\"Data Structures ',' algorithms & applications in C++\"','Sahni Sartaj','2009','450',NULL,NULL,NULL,NULL),(250,'\"Data Structures ',' algorithms & applications in C++\"','Sahni Sartaj','2009','450',NULL,NULL,NULL,NULL),(251,'\"Data Structures ',' algorithm analysis in C\"','Weiss Mark Allen','2014','675',NULL,NULL,NULL,NULL),(252,'\"Data Structures ',' algorithm analysis in C\"','Weiss Mark Allen','2014','675',NULL,NULL,NULL,NULL),(253,'\"Data Structures ',' algorithm analysis in C\"','Weiss Mark Allen','2014','675',NULL,NULL,NULL,NULL),(254,'\"Data Structures ',' algorithm analysis in C\"','Weiss Mark Allen','2014','675',NULL,NULL,NULL,NULL),(255,'\"Data Structures ',' algorithm analysis in C++\"','Weiss Mark Allen','2014','699',NULL,NULL,NULL,NULL),(256,'Data Structures Using C and C ++','2013','Langsam Yedidyah','425','0',NULL,NULL,NULL,NULL),(257,'Data Structures Using C and C ++','2013','Langsam Yedidyah','425','0',NULL,NULL,NULL,NULL),(258,'Data Structures Using C and C ++','2013','Langsam Yedidyah','425','0',NULL,NULL,NULL,NULL),(259,'Digital Communication','2013','Haykin Simon','549','0',NULL,NULL,NULL,NULL),(260,'Digital Communication','2013','Haykin Simon','549','0',NULL,NULL,NULL,NULL),(261,'Digital Image Processing and analysis','2013','Chanda .B','325','0',NULL,NULL,NULL,NULL),(262,'Digital Image Processing and analysis','2013','Chanda .B','325','0',NULL,NULL,NULL,NULL),(263,'Discrete and Combinatorial Mathematics','2014','Grimaldi Ralph P.','825','0',NULL,NULL,NULL,NULL),(264,'Discrete and Combinatorial Mathematics','2014','Grimaldi Ralph P.','825','0',NULL,NULL,NULL,NULL),(265,'Discrete and Combinatorial Mathematics','2014','Grimaldi Ralph P.','825','0',NULL,NULL,NULL,NULL),(266,'Fundamentals of Data Structures in C','2014','Horowitz','395','0',NULL,NULL,NULL,NULL),(267,'Fundamentals of Data Structures in C','2014','Horowitz','395','0',NULL,NULL,NULL,NULL),(268,'Fundamentals of Data Structures in C','2014','Horowitz','395','0',NULL,NULL,NULL,NULL),(269,'Fundamentals of Data Structures in C','2014','Horowitz','395','0',NULL,NULL,NULL,NULL),(270,'Fundamentals of Data Structures in C','2014','Horowitz','395','0',NULL,NULL,NULL,NULL),(271,'Fundamentals of Data Structures in C++','2015','Horowitz Ellis','395','0',NULL,NULL,NULL,NULL),(272,'Fundamentals of Data Structures in C++','2015','Horowitz Ellis','395','0',NULL,NULL,NULL,NULL),(273,'Fundamentals of Data Structures in C++','2015','Horowitz Ellis','395','0',NULL,NULL,NULL,NULL),(274,'Kennedy\'s Electronics communication Systems','2013','Kennedy George','625','0',NULL,NULL,NULL,NULL),(275,'Kennedy\'s Electronics communication Systems','2013','Kennedy George','625','0',NULL,NULL,NULL,NULL),(276,'Linear algebra','2000','Rao  Ramachandra','400','0',NULL,NULL,NULL,NULL),(277,'Linear algebra','2000','Rao  Ramachandra','400','0',NULL,NULL,NULL,NULL),(278,'Linear algebra','2000','Rao  Ramachandra','400','0',NULL,NULL,NULL,NULL),(279,'Linear Integrated Circuits','2012','Roy Choudhury D.','295','0',NULL,NULL,NULL,NULL),(280,'Linear Integrated Circuits','2012','Roy Choudhury D.','295','0',NULL,NULL,NULL,NULL),(281,'Linear Integrated Circuits','2012','Roy Choudhury D.','295','0',NULL,NULL,NULL,NULL),(282,'Matrix and Linear algebra : aided with MATLAB','2012','Kanti Bhushan  Datta','395','0',NULL,NULL,NULL,NULL),(283,'Matrix and Linear algebra : aided with MATLAB','2012','Kanti Bhushan  Datta','395','0',NULL,NULL,NULL,NULL),(284,'Matrix and Linear algebra : aided with MATLAB','2012','Kanti Bhushan  Datta','395','0',NULL,NULL,NULL,NULL),(285,'Matrix and Linear algebra : aided with MATLAB','2012','Kanti Bhushan  Datta','395','0',NULL,NULL,NULL,NULL),(286,'Matrix and Linear algebra : aided with MATLAB','2012','Kanti Bhushan  Datta','395','0',NULL,NULL,NULL,NULL),(287,'Microelectronic circuits theory & application','2014','Sedra Adel S.','725','0',NULL,NULL,NULL,NULL),(288,'Microelectronic circuits theory & application','2014','Sedra Adel S.','725','0',NULL,NULL,NULL,NULL),(289,'Microelectronic circuits theory & application','2014','Sedra Adel S.','725','0',NULL,NULL,NULL,NULL),(290,'Microelectronic circuits theory & application','2014','Sedra Adel S.','725','0',NULL,NULL,NULL,NULL),(291,'Microelectronic circuits theory & application','2014','Sedra Adel S.','725','0',NULL,NULL,NULL,NULL),(292,'Structured Computer Organization','2006','Tanenbaum Andre S.','420','0',NULL,NULL,NULL,NULL),(293,'Structured Computer Organization','2006','Tanenbaum Andre S.','420','0',NULL,NULL,NULL,NULL),(294,'Structured Computer Organization','2006','Tanenbaum Andre S.','420','0',NULL,NULL,NULL,NULL),(295,'Taubs Principles of Communication Systems','2014','Taub Herbert','599','0',NULL,NULL,NULL,NULL),(296,'Taubs Principles of Communication Systems','2014','Taub Herbert','599','0',NULL,NULL,NULL,NULL),(297,'Taubs Principles of Communication Systems','2014','Taub Herbert','599','0',NULL,NULL,NULL,NULL),(298,'Intermediate English Grammar','2013','Murphy Raymond','165','0',NULL,NULL,NULL,NULL),(299,'Intermediate English Grammar','2013','Murphy Raymond','165','0',NULL,NULL,NULL,NULL),(300,'A Student\'s Introduction to English Grammar','2005','Huddleston Rodney','425','0',NULL,NULL,NULL,NULL),(301,'A Student\'s Introduction to English Grammar','2005','Huddleston Rodney','425','0',NULL,NULL,NULL,NULL),(302,'Advanced English Grammar (with answers)','2014','Martin Hewings','180','0',NULL,NULL,NULL,NULL),(303,'Advanced English Grammar (with answers)','2014','Martin Hewings','180','0',NULL,NULL,NULL,NULL),(304,'Cambridge English Pronouncing Dictionary','2011','Daniel Jones','475','0',NULL,NULL,NULL,NULL),(305,'Cambridge English Pronouncing Dictionary','2011','Daniel Jones','475','0',NULL,NULL,NULL,NULL),(306,'Cambridge Grammar of english','2015','Carter Ronald','825','0',NULL,NULL,NULL,NULL),(307,'Cambridge Grammar of english','2015','Carter Ronald','825','0',NULL,NULL,NULL,NULL),(308,'Essentail English Grammar','2012','Murphy Raymond','125','0',NULL,NULL,NULL,NULL),(309,'Essentail English Grammar','2012','Murphy Raymond','125','0',NULL,NULL,NULL,NULL),(310,'Study Listening','2010','Lynch Tony','380','0',NULL,NULL,NULL,NULL),(311,'Study Listening','2010','Lynch Tony','380','0',NULL,NULL,NULL,NULL),(312,'Study Reading','2010','Glendinning Ecic H.','225','0',NULL,NULL,NULL,NULL),(313,'Study Reading','2010','Ecic H. Glendinning','225','0',NULL,NULL,NULL,NULL),(314,'Study Writing','2011','Hamp-Lyons','240','0',NULL,NULL,NULL,NULL),(315,'Study Writing','2011','Hamp-Lyons','240','0',NULL,NULL,NULL,NULL),(316,'Introduction to languages and Theory of Compu','2014','Martin John C','520','0',NULL,NULL,NULL,NULL),(317,'Network theory : Analysis & Synthesis','2013','Ghosh Smarajit','425','0',NULL,NULL,NULL,NULL),(318,'Network theory : Analysis & Synthesis','2013','Ghosh Smarajit','425','0',NULL,NULL,NULL,NULL),(319,'Network theory : Analysis & Synthesis','2013','Ghosh Smarajit','425','0',NULL,NULL,NULL,NULL),(320,'Complex Variables and Applications','2014','Brown James Ward','550','0',NULL,NULL,NULL,NULL),(321,'Complex Variables and Applications','2014','Brown James Ward','550','0',NULL,NULL,NULL,NULL),(322,'Complex Variables and Applications','2014','Brown James Ward','550','0',NULL,NULL,NULL,NULL),(323,'Basics of Computer Organization & Architectur','2014','Rao S.S.S.P','295','0',NULL,NULL,NULL,NULL),(324,'Basics of Computer Organization & Architectur','2014','Rao S.S.S.P','295','0',NULL,NULL,NULL,NULL),(325,'Basics of Computer Organization & Architectur','2014','Rao S.S.S.P','295','0',NULL,NULL,NULL,NULL),(326,'\"Millman\'s Pulse',' digital and Switching Waveforms\"','Millman Jacob','2015','630',NULL,NULL,NULL,NULL),(327,'\"Millman\'s Pulse',' digital and Switching Waveforms\"','Millman Jacob','2015','630',NULL,NULL,NULL,NULL),(328,'\"Millman\'s Pulse',' digital and Switching Waveforms\"','Millman Jacob','2015','630',NULL,NULL,NULL,NULL),(329,'UNIX Network Programming : The Sockets networ','2004','Stevens W. Richard','450','0',NULL,NULL,NULL,NULL),(330,'Advanced Microprocess Peripherals','2012','Bhurchandi K M','615','0',NULL,NULL,NULL,NULL),(331,'Advanced Microprocess Peripherals','2012','Bhurchandi K M','615','0',NULL,NULL,NULL,NULL),(332,'Advanced Microprocess Peripherals','2012','Bhurchandi K M','615','0',NULL,NULL,NULL,NULL),(333,'Analog and Digital Communications','2013','HSU Hwei P','520','0',NULL,NULL,NULL,NULL),(334,'Analog and Digital Communications','2013','HSU Hwei P','520','0',NULL,NULL,NULL,NULL),(335,'Analog and Digital Communications','2013','HSU Hwei P','520','0',NULL,NULL,NULL,NULL),(336,'Approximation Algorithms','2013','Vijay V.Vazirani','450','0',NULL,NULL,NULL,NULL),(337,'Approximation Algorithms','2013','Vijay V.Vazirani','450','0',NULL,NULL,NULL,NULL),(338,'CMOS Digital Integrated Circuits','2014','Kang Sung-Mo','650','0',NULL,NULL,NULL,NULL),(339,'CMOS Digital Integrated Circuits','2014','Kang Sung-Mo','650','0',NULL,NULL,NULL,NULL),(340,'Communication Systems an Introduction to Sign','2012','Carlson A. Bruce','775','0',NULL,NULL,NULL,NULL),(341,'Communication Systems an Introduction to Sign','2012','Carlson A. Bruce','775','0',NULL,NULL,NULL,NULL),(342,'Communication Systems an Introduction to Sign','2012','Carlson A. Bruce','775','0',NULL,NULL,NULL,NULL),(343,'Communication Systems','2013','Haykin Simon','709','0',NULL,NULL,NULL,NULL),(344,'Communication Systems','2013','Haykin Simon','709','0',NULL,NULL,NULL,NULL),(345,'Communication Systems','2013','Haykin Simon','709','0',NULL,NULL,NULL,NULL),(346,'Communication Systems Engineering','2013','Proakis John G.','475','0',NULL,NULL,NULL,NULL),(347,'Communication Systems Engineering','2013','Proakis John G.','475','0',NULL,NULL,NULL,NULL),(348,'Communication Systems Engineering','2013','Proakis John G.','475','0',NULL,NULL,NULL,NULL),(349,'Computational Geometry algorithms and Applica','2011','Berg Mark De','695','0',NULL,NULL,NULL,NULL),(350,'Computational Geometry algorithms and Applica','2011','Berg Mark De','695','0',NULL,NULL,NULL,NULL),(351,'Computer Architecture: A Quantitative Approac','2014','Hennessy John L','550','0',NULL,NULL,NULL,NULL),(352,'Computer Architecture: A Quantitative Approac','2014','Hennessy John L','550','0',NULL,NULL,NULL,NULL),(353,'Computer Architecture: A Quantitative Approac','2014','Hennessy John L','550','0',NULL,NULL,NULL,NULL),(354,'Graph Theory','2011','Diestel Reinhard','395','0',NULL,NULL,NULL,NULL),(355,'Graph Theory','2011','Diestel Reinhard','395','0',NULL,NULL,NULL,NULL),(356,'Kennedy\'s Electronics communication Systems','2013','Kennedy George','625','0',NULL,NULL,NULL,NULL),(357,'Kennedy\'s Electronics communication Systems','2013','Kennedy George','625','0',NULL,NULL,NULL,NULL),(358,'Kennedy\'s Electronics communication Systems','2013','Kennedy George','625','0',NULL,NULL,NULL,NULL),(359,'Learning Python','2014','Mark Lutz','1200','0',NULL,NULL,NULL,NULL),(360,'Microcomputer Ststems the 8086/8088 Family Ar','2013','Yu- Cheng Liu','375','0',NULL,NULL,NULL,NULL),(361,'Microcomputer Ststems the 8086/8088 Family Ar','2013','Yu- Cheng Liu','375','0',NULL,NULL,NULL,NULL),(362,'Microcomputer Ststems the 8086/8088 Family Ar','2013','Yu- Cheng Liu','375','0',NULL,NULL,NULL,NULL),(363,'Microprocessor Architecture Programming and a','2013','Gaonkar Ramesh','395','0',NULL,NULL,NULL,NULL),(364,'Microprocessor Architecture Programming and a','2013','Gaonkar Ramesh','395','0',NULL,NULL,NULL,NULL),(365,'Microprocessor Architecture Programming and a','2013','Gaonkar Ramesh','395','0',NULL,NULL,NULL,NULL),(366,'Microprocessor Architecture Programming and a','2013','Gaonkar Ramesh','395','0',NULL,NULL,NULL,NULL),(367,'Microprocessor Architecture Programming and a','2013','Gaonkar Ramesh','395','0',NULL,NULL,NULL,NULL),(368,'Microprocessor and interfacing','2012','Hall  Douglas V','699','0',NULL,NULL,NULL,NULL),(369,'Microprocessor and interfacing','2012','Hall  Douglas V','699','0',NULL,NULL,NULL,NULL),(370,'Microprocessor and interfacing','2012','Hall  Douglas V','699','0',NULL,NULL,NULL,NULL),(371,'Microprocessor and interfacing','2012','Hall  Douglas V','699','0',NULL,NULL,NULL,NULL),(372,'Microprocessor and interfacing','2012','Hall  Douglas V','699','0',NULL,NULL,NULL,NULL),(373,'Practical Programming an Introduction to Comp','2014','Gries. Paul','600','0',NULL,NULL,NULL,NULL),(374,'Python for Data Analysis','2014','McKinney wes','550','0',NULL,NULL,NULL,NULL),(375,'Taubs Principles of Communication Systems','2014','Taub Herbert','599','0',NULL,NULL,NULL,NULL),(376,'Taubs Principles of Communication Systems','2014','Taub Herbert','599','0',NULL,NULL,NULL,NULL),(377,'Taubs Principles of Communication Systems','2014','Taub Herbert','599','0',NULL,NULL,NULL,NULL),(378,'The 8051 Microcontroller and Embedded systems','2013','Mazidi Muhammad Ali','685','0',NULL,NULL,NULL,NULL),(379,'The 8051 Microcontroller and Embedded systems','2013','Mazidi Muhammad Ali','685','0',NULL,NULL,NULL,NULL),(380,'The 8051 Microcontroller and Embedded systems','2013','Mazidi Muhammad Ali','685','0',NULL,NULL,NULL,NULL),(381,'The Intel Microprocessors Architecture Progra','2013','Brey  Barry B','875','0',NULL,NULL,NULL,NULL),(382,'The Intel Microprocessors Architecture Progra','2013','Brey  Barry B','875','0',NULL,NULL,NULL,NULL),(383,'The Intel Microprocessors Architecture Progra','2013','Brey  Barry B','875','0',NULL,NULL,NULL,NULL),(384,'The Intel Microprocessors Architecture Progra','2013','Brey  Barry B','875','0',NULL,NULL,NULL,NULL),(385,'The Intel Microprocessors Architecture Progra','2013','Brey  Barry B','875','0',NULL,NULL,NULL,NULL),(386,'Wireless and Mobile Networks Architectures','2013','Lin Yi-Bang','639','0',NULL,NULL,NULL,NULL),(387,'Wireless and Mobile Networks Architectures','2013','Lin Yi-Bang','639','0',NULL,NULL,NULL,NULL),(388,'Wireless and Mobile Networks Architectures','2013','Lin Yi-Bang','639','0',NULL,NULL,NULL,NULL),(389,'Zero to One','2013','Peter Thiel','499','0',NULL,NULL,NULL,NULL),(390,'Oxford Advance Learners Dictionary','2015','Deuter Margaret','675','0',NULL,NULL,NULL,NULL),(391,'Oxford Advance Learners Dictionary','2015','Deuter Margaret','675','0',NULL,NULL,NULL,NULL),(392,'Oxford English Grammar Courses-Advance','2015','Swan Michael','545','0',NULL,NULL,NULL,NULL),(393,'Oxford English Grammar Courses-Advance','2015','Swan Michael','545','0',NULL,NULL,NULL,NULL),(394,'Oxford Engilsh Grammar Intermediate','2015','Swan Michael','645','0',NULL,NULL,NULL,NULL),(395,'Oxford Engilsh Grammar Intermediate','2015','Swan Michael','645','0',NULL,NULL,NULL,NULL),(396,'Oxford engilsh Grammar Course- Basic','2014','Swan Michael','545','0',NULL,NULL,NULL,NULL),(397,'Oxford engilsh Grammar Course- Basic','2014','Swan Michael','545','0',NULL,NULL,NULL,NULL),(398,'Oxford Word Skills','2013','Gairns Ruth','445','0',NULL,NULL,NULL,NULL),(399,'Oxford Word Skills','2013','Gairns Ruth','445','0',NULL,NULL,NULL,NULL),(400,'Oxford Effective Academic Writing -1','2015','Savage Alice','295','0',NULL,NULL,NULL,NULL),(401,'Oxford Effective Academic Writing -1','2015','Savage Alice','295','0',NULL,NULL,NULL,NULL),(402,'Oxford Effective Academic Writing -2','2015','Savage Alice','295','0',NULL,NULL,NULL,NULL),(403,'Oxford Effective Academic Writing -2','2015','Savage Alice','295','0',NULL,NULL,NULL,NULL),(404,'Oxford Effective Academic Writing -3','2015','Liss Rhonda','495','0',NULL,NULL,NULL,NULL),(405,'Oxford Effective Academic Writing -3','2015','Liss Rhonda','495','0',NULL,NULL,NULL,NULL),(406,'Oxford Effective Academic Writing -Introducti','2015','Savage Alice','295','0',NULL,NULL,NULL,NULL),(407,'Oxford Effective Academic Writing -Introducti','2015','Savage Alice','295','0',NULL,NULL,NULL,NULL),(408,'Exact Exponential Algorithms','2010','Fomin Fedor V.','57.15','0',NULL,NULL,NULL,NULL),(409,'Randomized Algorithms','2014','Rajeev Motwani','595','0',NULL,NULL,NULL,NULL),(410,'Randomized Algorithms','2014','Rajeev Motwani','595','0',NULL,NULL,NULL,NULL),(411,'Design Smart Power Grid Renewable Energy Syst','2014','Keyhani Ali','161','0',NULL,NULL,NULL,NULL),(412,'Funfamentals of III-V Devices HBTs MESFETa an','1999','Liu William','209','0',NULL,NULL,NULL,NULL),(413,'Probability and Computing Randamized Algorith','2012','Mitzenmacher Michael','84.99','0',NULL,NULL,NULL,NULL),(414,'Starting Electronics Construction Techniques ','2005','Keith Brindley','39.95','0',NULL,NULL,NULL,NULL),(415,'LET us C','2014','Yashavant Kanetkar','270','0',NULL,NULL,NULL,NULL),(416,'LET us C','2014','Yashavant Kanetkar','270','0',NULL,NULL,NULL,NULL),(417,'LET us C','2014','Yashavant Kanetkar','270','0',NULL,NULL,NULL,NULL),(418,'LET us C','2014','Yashavant Kanetkar','270','0',NULL,NULL,NULL,NULL),(419,'LET us C','2014','Yashavant Kanetkar','270','0',NULL,NULL,NULL,NULL),(420,'LET us C','2014','Yashavant Kanetkar','270','0',NULL,NULL,NULL,NULL),(421,'LET us C','2014','Yashavant Kanetkar','270','0',NULL,NULL,NULL,NULL),(422,'LET us C','2014','Yashavant Kanetkar','270','0',NULL,NULL,NULL,NULL),(423,'LET us C','2014','Yashavant Kanetkar','270','0',NULL,NULL,NULL,NULL),(424,'LET us C','2014','Yashavant Kanetkar','270','0',NULL,NULL,NULL,NULL),(425,'Computer Science: A Structured programmin app','2007','Forouzan S. Behrouz','599','0',NULL,NULL,NULL,NULL),(426,'Computer Science: A Structured programmin app','2007','Forouzan S. Behrouz','599','0',NULL,NULL,NULL,NULL),(427,'Computer Science: A Structured programmin app','2007','Forouzan S. Behrouz','599','0',NULL,NULL,NULL,NULL),(428,'Study Writing','2010','Hamp-Lyons','240','0',NULL,NULL,NULL,NULL),(429,'Study Writing','2011','Hamp-Lyons','240','0',NULL,NULL,NULL,NULL),(430,'Advanced English Grammar (with answers)','2014','Martin Hewings','180','0',NULL,NULL,NULL,NULL),(431,'Advanced English Grammar (with answers)','2014','Martin Hewings','180','0',NULL,NULL,NULL,NULL),(432,'A Student\'s Introduction to English Grammar','2005','Huddleston Rodney','425','0',NULL,NULL,NULL,NULL),(433,'A Student\'s Introduction to English Grammar','2005','Huddleston Rodney','425','0',NULL,NULL,NULL,NULL),(434,'Cambridge English Pronouncing Dictionary','2011','Daniel Jones','475','0',NULL,NULL,NULL,NULL),(435,'Cambridge English Pronouncing Dictionary','2011','Daniel Jones','475','0',NULL,NULL,NULL,NULL),(436,'Study Listening','2010','Lynch Tony','380','0',NULL,NULL,NULL,NULL),(437,'Study Listening','2010','Lynch Tony','380','0',NULL,NULL,NULL,NULL),(438,'Intermediate English Grammar','2013','Murphy Raymond','180','0',NULL,NULL,NULL,NULL),(439,'Intermediate English Grammar','2013','Murphy Raymond','180','0',NULL,NULL,NULL,NULL),(440,'Essentail English Grammar','2012','Murphy Raymond','125','0',NULL,NULL,NULL,NULL),(441,'Essentail English Grammar','2012','Murphy Raymond','125','0',NULL,NULL,NULL,NULL),(442,'Introduction to infromation Retrieval','2014','Manning Christopher.D','495','0',NULL,NULL,NULL,NULL),(443,'Introduction to infromation Retrieval','2014','Manning Christopher.D','495','0',NULL,NULL,NULL,NULL),(444,'Introduction to infromation Retrieval','2014','Manning Christopher.D','495','0',NULL,NULL,NULL,NULL),(445,'Introduction to infromation Retrieval','2014','Manning Christopher.D','495','0',NULL,NULL,NULL,NULL),(446,'Introduction to infromation Retrieval','2014','Manning Christopher.D','495','0',NULL,NULL,NULL,NULL),(447,'Principles of Electromagnetics','2015','Sadiku Matthew N.O.','585','0',NULL,NULL,NULL,NULL),(448,'Principles of Electromagnetics','2015','Sadiku Matthew N.O.','585','0',NULL,NULL,NULL,NULL),(449,'Principles of Electromagnetics','2015','Sadiku Matthew N.O.','585','0',NULL,NULL,NULL,NULL),(450,'Fundamentals of Database Systems','2011','Elmasri Rameez','650','0',NULL,NULL,NULL,NULL),(451,'Fundamentals of Database Systems','2011','Elmasri Rameez','650','0',NULL,NULL,NULL,NULL),(452,'Fundamentals of Database Systems','2011','Elmasri Rameez','650','0',NULL,NULL,NULL,NULL),(453,'Discrete and Combinatorial Mathematics','2014','Grimaldi Ralph P.','825','0',NULL,NULL,NULL,NULL),(454,'Introduction to Automat theory languages and ','2013','Hopcraft John E.','699','0',NULL,NULL,NULL,NULL),(455,'Introduction to Automat theory languages and ','2013','Hopcraft John E.','699','0',NULL,NULL,NULL,NULL),(456,'Introduction to Automat theory languages and ','2013','Hopcraft John E.','699','0',NULL,NULL,NULL,NULL),(457,'Digital Logic and Computer Design','2013','Mano Morris.M','600','0',NULL,NULL,NULL,NULL),(458,'Digital Logic and Computer Design','2013','Mano Morris.M','600','0',NULL,NULL,NULL,NULL),(459,'Digital Logic and Computer Design','2013','Mano Morris.M','600','0',NULL,NULL,NULL,NULL),(460,'Digital Logic and Computer Design','2013','Mano Morris.M','600','0',NULL,NULL,NULL,NULL),(461,'Discrete time signal Processing','2013','Oppenheim Alan.V','550','0',NULL,NULL,NULL,NULL),(462,'Discrete time signal Processing','2013','Oppenheim Alan.V','550','0',NULL,NULL,NULL,NULL),(463,'\"Digital signal Processing: Principles',' algorithms & Applications\"','Proakis John G.','2014','750',NULL,NULL,NULL,NULL),(464,'\"Digital signal Processing: Principles',' algorithms & Applications\"','Proakis John G.','2014','750',NULL,NULL,NULL,NULL),(465,'Operating Systems: Internals and Design Princ','2015','Stallings William','465','0',NULL,NULL,NULL,NULL),(466,'Operating Systems: Internals and Design Princ','2015','Stallings William','465','0',NULL,NULL,NULL,NULL),(467,'Digital Image Processing and analysis','2013','Chanda .B','325','0',NULL,NULL,NULL,NULL),(468,'Digital Image Processing and analysis','2013','Chanda .B','325','0',NULL,NULL,NULL,NULL),(469,'Digital Image Processing and analysis','2013','Chanda .B','325','0',NULL,NULL,NULL,NULL),(470,'Introduction to algorithms','2012','Cormen H.Thomas','995','0',NULL,NULL,NULL,NULL),(471,'Introduction to algorithms','2012','Cormen H.Thomas','995','0',NULL,NULL,NULL,NULL),(472,'Introduction to algorithms','2012','Cormen H.Thomas','995','0',NULL,NULL,NULL,NULL),(473,'The C Programming Language','2012','Kernighan W. Brain','225','0',NULL,NULL,NULL,NULL),(474,'The C Programming Language','2012','Kernighan W. Brain','225','0',NULL,NULL,NULL,NULL),(475,'The C Programming Language','2012','Kernighan W. Brain','225','0',NULL,NULL,NULL,NULL),(476,'\"Theory of computer Science: Automata',' Language and Computation\"','Mishra K.L.P','2014','275',NULL,NULL,NULL,NULL),(477,'\"Theory and application of Digital signal Pro',' algorithms & Applications\"','Rabiner.R Lawrence','2011','425',NULL,NULL,NULL,NULL),(478,'\"Theory and application of Digital signal Pro',' algorithms & Applications\"','Rabiner.R Lawrence','2011','425',NULL,NULL,NULL,NULL),(479,'Operating Systems : A Design Oriented Approac','2013','Crowley Charles','925','0',NULL,NULL,NULL,NULL),(480,'Engineering circiut Analysis','2013','Hayt William h.','699','0',NULL,NULL,NULL,NULL),(481,'Engineering circiut Analysis','2013','Hayt William h.','699','0',NULL,NULL,NULL,NULL),(482,'Engineering circiut Analysis','2013','Hayt William h.','699','0',NULL,NULL,NULL,NULL),(483,'Engineering circiut Analysis','2013','Hayt William h.','699','0',NULL,NULL,NULL,NULL),(484,'Elements of Discrete Mathematics: A computer ','2014','Liu C L','495','0',NULL,NULL,NULL,NULL),(485,'Elements of Discrete Mathematics: A computer ','2014','Liu C L','495','0',NULL,NULL,NULL,NULL),(486,'Elements of Discrete Mathematics: A computer ','2014','Liu C L','495','0',NULL,NULL,NULL,NULL),(487,'Elements of Discrete Mathematics: A computer ','2014','Liu C L','495','0',NULL,NULL,NULL,NULL),(488,'Elements of Discrete Mathematics: A computer ','2014','Liu C L','495','0',NULL,NULL,NULL,NULL),(489,'Electronic Circuits : analysis and Design','2014','Neamen Donald A','840','0',NULL,NULL,NULL,NULL),(490,'Electronic Circuits : analysis and Design','2014','Neamen Donald A','840','0',NULL,NULL,NULL,NULL),(491,'Electronic Circuits : analysis and Design','2014','Neamen Donald A','840','0',NULL,NULL,NULL,NULL),(492,'Database Management Systems','2014','Ramakrishnan Raghu','765','0',NULL,NULL,NULL,NULL),(493,'Database Management Systems','2014','Ramakrishnan Raghu','765','0',NULL,NULL,NULL,NULL),(494,'Database Management Systems','2014','Ramakrishnan Raghu','765','0',NULL,NULL,NULL,NULL),(495,'Database Management Systems','2014','Ramakrishnan Raghu','765','0',NULL,NULL,NULL,NULL),(496,'Database Management Systems','2014','Ramakrishnan Raghu','765','0',NULL,NULL,NULL,NULL),(497,'Database Management Systems','2014','Ramakrishnan Raghu','765','0',NULL,NULL,NULL,NULL),(498,'Discrete Mathematics and Its applications','2014','Rosen H. Kenneth','725','0',NULL,NULL,NULL,NULL),(499,'Discrete Mathematics and Its applications','2014','Rosen H. Kenneth','725','0',NULL,NULL,NULL,NULL),(500,'Discrete Mathematics and Its applications','2014','Rosen H. Kenneth','725','0',NULL,NULL,NULL,NULL),(501,'Discrete Mathematics and Its applications','2014','Rosen H. Kenneth','725','0',NULL,NULL,NULL,NULL),(502,'Discrete Mathematics and Its applications','2014','Rosen H. Kenneth','725','0',NULL,NULL,NULL,NULL),(503,'Discrete Mathematics and Its applications','2014','Rosen H. Kenneth','725','0',NULL,NULL,NULL,NULL),(504,'Discrete Mathematics and Its applications','2014','Rosen H. Kenneth','725','0',NULL,NULL,NULL,NULL),(505,'C: The Complete reference','2015','Schildt Herbert','575','0',NULL,NULL,NULL,NULL),(506,'C: The Complete reference','2015','Schildt Herbert','575','0',NULL,NULL,NULL,NULL),(507,'C: The Complete reference','2015','Schildt Herbert','575','0',NULL,NULL,NULL,NULL),(508,'C: The Complete reference','2015','Schildt Herbert','575','0',NULL,NULL,NULL,NULL),(509,'C: The Complete reference','2015','Schildt Herbert','575','0',NULL,NULL,NULL,NULL),(510,'Database systems Concepts','2013','Silberschatz Abraham','825','0',NULL,NULL,NULL,NULL),(511,'Database systems Concepts','2013','Silberschatz Abraham','825','0',NULL,NULL,NULL,NULL),(512,'Database systems Concepts','2013','Silberschatz Abraham','825','0',NULL,NULL,NULL,NULL),(513,'Circuits and Networks: Analysis and Syntesis','2013','Sudhakar A','499','0',NULL,NULL,NULL,NULL),(514,'Circuits and Networks: Analysis and Syntesis','2013','Sudhakar A','499','0',NULL,NULL,NULL,NULL),(515,'Fundamentals of Computer algorithms','2013','Horowitz Ellis','425','0',NULL,NULL,NULL,NULL),(516,'Fundamentals of Computer algorithms','2013','Horowitz Ellis','425','0',NULL,NULL,NULL,NULL),(517,'Fundamentals of Computer algorithms','2013','Horowitz Ellis','425','0',NULL,NULL,NULL,NULL),(518,'Automatic Control systems','2014','Golnaraghi Farid','609','0',NULL,NULL,NULL,NULL),(519,'Automatic Control systems','2014','Golnaraghi Farid','609','0',NULL,NULL,NULL,NULL),(520,'Automatic Control systems','2014','Golnaraghi Farid','609','0',NULL,NULL,NULL,NULL),(521,'Signals and systems','2014','Haykin Simon','719','0',NULL,NULL,NULL,NULL),(522,'Signals and systems','2014','Haykin Simon','719','0',NULL,NULL,NULL,NULL),(523,'Microwave engineering','2013','Pozar David M.','619','0',NULL,NULL,NULL,NULL),(524,'Microwave engineering','2013','Pozar David M.','619','0',NULL,NULL,NULL,NULL),(525,'Microwave engineering','2013','Pozar David M.','619','0',NULL,NULL,NULL,NULL),(526,'Introduction to The Theory of Computation','2013','Sipser Michael','350','0',NULL,NULL,NULL,NULL),(527,'Introduction to The Theory of Computation','2013','Sipser Michael','350','0',NULL,NULL,NULL,NULL),(528,'Introduction to The Theory of Computation','2013','Sipser Michael','350','0',NULL,NULL,NULL,NULL),(529,'Green Mobile Devices and Networks','2012','Hrishikesh Venkataraman','62.99','0',NULL,NULL,NULL,NULL),(530,'Green Mobile Devices and Networks','2012','Hrishikesh Venkataraman','62.99','0',NULL,NULL,NULL,NULL),(531,'\"Starting electronics Construction: Technique',' Equipment and Projects\"','Brindley Keith','2005','39.95',NULL,NULL,NULL,NULL),(532,'\"Starting electronics Construction: Technique',' Equipment and Projects\"','Brindley Keith','2005','39.95',NULL,NULL,NULL,NULL),(533,'Information Retrieval. Algorithms & Herusisti','2012','Grossman David A','550','0',NULL,NULL,NULL,NULL),(534,'Information Retrieval. Algorithms & Herusisti','2012','Grossman David A','550','0',NULL,NULL,NULL,NULL),(535,'Information Retrieval. Algorithms & Herusisti','2012','Grossman David A','550','0',NULL,NULL,NULL,NULL),(536,'Digital Image Processing','2014','Gonzalez Rafael C.','875','0',NULL,NULL,NULL,NULL),(537,'Digital Image Processing','2014','Gonzalez Rafael C.','875','0',NULL,NULL,NULL,NULL),(538,'Digital Image Processing','2014','Gonzalez Rafael C.','875','0',NULL,NULL,NULL,NULL),(539,'Digital Image Processing','2014','Gonzalez Rafael C.','875','0',NULL,NULL,NULL,NULL),(540,'Digital Image Processing','2014','Gonzalez Rafael C.','875','0',NULL,NULL,NULL,NULL),(541,'Digital Image Processing','2014','Gonzalez Rafael C.','875','0',NULL,NULL,NULL,NULL),(542,'Digital Image Processing','2014','Gonzalez Rafael C.','875','0',NULL,NULL,NULL,NULL),(543,'Digital Image Processing','2014','Gonzalez Rafael C.','875','0',NULL,NULL,NULL,NULL),(544,'Discrete and Combinatorial Mathematics','2014','Grimaldi Ralph P.','825','0',NULL,NULL,NULL,NULL),(545,'Algorithm Design','2015','Kleinberg jon','785','0',NULL,NULL,NULL,NULL),(546,'Algorithm Design','2015','Kleinberg jon','785','0',NULL,NULL,NULL,NULL),(547,'Digital Design: With an Introduction to the V','2013','Mano Morris .M','599','0',NULL,NULL,NULL,NULL),(548,'Digital Design: With an Introduction to the V','2013','Mano Morris .M','599','0',NULL,NULL,NULL,NULL),(549,'Digital Design: With an Introduction to the V','2013','Mano Morris .M','599','0',NULL,NULL,NULL,NULL),(550,'Digital Design: With an Introduction to the V','2013','Mano Morris .M','599','0',NULL,NULL,NULL,NULL),(551,'Digital Design: With an Introduction to the V','2013','Mano Morris .M','599','0',NULL,NULL,NULL,NULL),(552,'Digital Design: With an Introduction to the V','2013','Mano Morris .M','599','0',NULL,NULL,NULL,NULL),(553,'Digital Design: With an Introduction to the V','2013','Mano Morris .M','599','0',NULL,NULL,NULL,NULL),(554,'John E. Freund\'s Mathematical statistics with','2009','Miller Irwin','875','0',NULL,NULL,NULL,NULL),(555,'John E. Freund\'s Mathematical statistics with','2009','Miller Irwin','875','0',NULL,NULL,NULL,NULL),(556,'John E. Freund\'s Mathematical statistics with','2009','Miller Irwin','875','0',NULL,NULL,NULL,NULL),(557,'John E. Freund\'s Mathematical statistics with','2009','Miller Irwin','875','0',NULL,NULL,NULL,NULL),(558,'Discrete Time signal Processing','2013','Oppenheim','550','0',NULL,NULL,NULL,NULL),(559,'Discrete Time signal Processing','2013','Oppenheim','550','0',NULL,NULL,NULL,NULL),(560,'\"Digital signal Processing: Principles',' algorithms & Applications\"','Proakis John G.','2014','750',NULL,NULL,NULL,NULL),(561,'\"Digital signal Processing: Principles',' algorithms & Applications\"','Proakis John G.','2014','750',NULL,NULL,NULL,NULL),(562,'Fundamentals of Speech Recognition','2009','Rabiner Lawrence','699','0',NULL,NULL,NULL,NULL),(563,'Fundamentals of Speech Recognition','2009','Rabiner Lawrence','699','0',NULL,NULL,NULL,NULL),(564,'Operating Systems: Internals and Design Princ','2015','Stallings William','799','0',NULL,NULL,NULL,NULL),(565,'Operating Systems: Internals and Design Princ','2015','Stallings William','799','0',NULL,NULL,NULL,NULL),(566,'Introduction to Graph Theory','2015','West Douglas B.','395','0',NULL,NULL,NULL,NULL),(567,'Introduction to Graph Theory','2015','West Douglas B.','395','0',NULL,NULL,NULL,NULL),(568,'Introduction to Graph Theory','2015','West Douglas B.','395','0',NULL,NULL,NULL,NULL),(569,'Modren Infromation Retrieval','2007','Yates- Ricardo Baeza','675','0',NULL,NULL,NULL,NULL),(570,'Modren Infromation Retrieval','2007','Yates- Ricardo Baeza','675','0',NULL,NULL,NULL,NULL),(571,'Modren Infromation Retrieval','2007','Yates- Ricardo Baeza','675','0',NULL,NULL,NULL,NULL),(572,'Pattern Recognition and Machine Learning','2015','Christopher M. Bishop','1150','0',NULL,NULL,NULL,NULL),(573,'Operating Systems : A Design Oriented Approac','2013','Crowley Charles','925','0',NULL,NULL,NULL,NULL),(574,'Algorithms','2011','Dasgupta Sanjoy','625','0',NULL,NULL,NULL,NULL),(575,'Algorithms','2011','Dasgupta Sanjoy','625','0',NULL,NULL,NULL,NULL),(576,'Signals and systems','2013','HSU Hwei P','499','0',NULL,NULL,NULL,NULL),(577,'Signals and systems','2013','HSU Hwei P','499','0',NULL,NULL,NULL,NULL),(578,'Introduction to languages and Theory of Compu','2014','Martin John C','565','0',NULL,NULL,NULL,NULL),(579,'Introduction to languages and Theory of Compu','2014','Martin John C','565','0',NULL,NULL,NULL,NULL),(580,'How to Solve It','1990','Polya G','550','0',NULL,NULL,NULL,NULL),(581,'Elements of Information Theory','2014','Cover Thomas M.','579','0',NULL,NULL,NULL,NULL),(582,'Elements of Information Theory','2014','Cover Thomas M.','579','0',NULL,NULL,NULL,NULL),(583,'Elements of Information Theory','2014','Cover Thomas M.','579','0',NULL,NULL,NULL,NULL),(584,'Analysis and Design of Analog Integrated Circ','2015','Gray and Hurst','719','0',NULL,NULL,NULL,NULL),(585,'Analysis and Design of Analog Integrated Circ','2015','Gray and Hurst','719','0',NULL,NULL,NULL,NULL),(586,'Analysis and Design of Analog Integrated Circ','2015','Gray and Hurst','719','0',NULL,NULL,NULL,NULL),(587,'Analysis and Design of Analog Integrated Circ','2015','Gray and Hurst','719','0',NULL,NULL,NULL,NULL),(588,'Analysis and Design of Analog Integrated Circ','2015','Gray and Hurst','719','0',NULL,NULL,NULL,NULL),(589,'Microwave engineering','2013','Pozar David M.','619','0',NULL,NULL,NULL,NULL),(590,'Microwave engineering','2013','Pozar David M.','619','0',NULL,NULL,NULL,NULL),(591,'Microwave engineering','2013','Pozar David M.','619','0',NULL,NULL,NULL,NULL),(592,'Fundamentals of Microelectronics','2013','Razavi Behzad','719','0',NULL,NULL,NULL,NULL),(593,'Fundamentals of Microelectronics','2013','Razavi Behzad','719','0',NULL,NULL,NULL,NULL),(594,'Fundamentals of Microelectronics','2013','Razavi Behzad','719','0',NULL,NULL,NULL,NULL),(595,'RF MEMS theory design & Technology','2013','Rebetz','1150','0',NULL,NULL,NULL,NULL),(596,'Engineering Electromagnetic (SIE)','2014','Hayt W H','575','0',NULL,NULL,NULL,NULL),(597,'Problems & Solutions in Elctromagnetics','2014','Hayt W H','525','0',NULL,NULL,NULL,NULL),(598,'Machine Translation','2015','Bhattacharyya Pushpak','57.99','0',NULL,NULL,NULL,NULL),(599,'Anteena theory: Analysis and Design','2015','Constabtine Balanis A.','709','0',NULL,NULL,NULL,NULL),(600,'Anteena theory: Analysis and Design','2015','Constabtine Balanis A.','709','0',NULL,NULL,NULL,NULL),(601,'Anteena theory: Analysis and Design','2015','Constabtine Balanis A.','709','0',NULL,NULL,NULL,NULL),(602,'Automatic Control systems','2013','Golnaraghi Farid','579','0',NULL,NULL,NULL,NULL),(603,'Combridge Grammar of english','2015','Carter Ronald','825','0',NULL,NULL,NULL,NULL),(604,'Algorithmic Graph Theory','1994','Gibbons Alan','34.99','0',NULL,NULL,NULL,NULL),(605,'Analysis of algorithms','2010','Sedgewick Robert','650','0',NULL,NULL,NULL,NULL),(606,'Analysis of algorithms','2010','Sedgewick Robert','650','0',NULL,NULL,NULL,NULL),(607,'Digital Design : Principles and Practices','2013','Wakerly John F.','725','0',NULL,NULL,NULL,NULL),(608,'Digital Design : Principles and Practices','2013','Wakerly John F.','725','0',NULL,NULL,NULL,NULL),(609,'Digital Design : Principles and Practices','2013','Wakerly John F.','725','0',NULL,NULL,NULL,NULL),(610,'Digital Design : Principles and Practices','2013','Wakerly John F.','725','0',NULL,NULL,NULL,NULL),(611,'Network Theory : Analysis & Synthesis','2013','Ghosh Smarajit','425','0',NULL,NULL,NULL,NULL),(612,'Network Theory : Analysis & Synthesis','2013','Ghosh Smarajit','425','0',NULL,NULL,NULL,NULL),(613,'Network Theory : Analysis & Synthesis','2013','Ghosh Smarajit','425','0',NULL,NULL,NULL,NULL),(614,'Network theory : Analysis & Synthesis','2013','Ghosh Smarajit','425','0',NULL,NULL,NULL,NULL),(615,'Computer Graphics : algorithms & Implemetatio','2015','Mukherjee D.P','395','0',NULL,NULL,NULL,NULL),(616,'Computer Graphics : algorithms & Implemetatio','2015','Mukherjee D.P','395','0',NULL,NULL,NULL,NULL),(617,'Computer Graphics : algorithms & Implemetatio','2015','Mukherjee D.P','395','0',NULL,NULL,NULL,NULL),(618,'Elements of the theory of Computation','2014','Lewis Harry R.','350','0',NULL,NULL,NULL,NULL),(619,'Elements of the theory of Computation','2014','Lewis Harry R.','350','0',NULL,NULL,NULL,NULL),(620,'Elements of the theory of Computation','2014','Lewis Harry R.','350','0',NULL,NULL,NULL,NULL),(621,'Graphy theory','2013','Bondy J.A','995','0',NULL,NULL,NULL,NULL),(622,'Automata and Computability','1999','Kozen Dexter C','325','0',NULL,NULL,NULL,NULL),(623,'Automata and Computability','1999','Kozen Dexter C','325','0',NULL,NULL,NULL,NULL),(624,'Automata and Computability','1999','Kozen Dexter C','325','0',NULL,NULL,NULL,NULL),(625,'Introduction to languages and Theory of Compu','2014','Martin John C','565','0',NULL,NULL,NULL,NULL),(626,'How to Solve It','1990','Polya G','550','0',NULL,NULL,NULL,NULL),(627,'Information Theory and coding','2015','Chitode J.S.','313','0',NULL,NULL,NULL,NULL),(628,'Information Theory and coding','2015','Chitode J.S.','313','0',NULL,NULL,NULL,NULL),(629,'Embedded systems design using C8051','2011','Han-Way huang','475','0',NULL,NULL,NULL,NULL),(630,'Principles of linear systems and signals','2013','Lathi.B.P','665','0',NULL,NULL,NULL,NULL),(631,'Principles of linear systems and signals','2013','Lathi.B.P','665','0',NULL,NULL,NULL,NULL),(632,'Principles of linear systems and signals','2013','Lathi.B.P','665','0',NULL,NULL,NULL,NULL),(633,'Principles of Electromagnetics','2015','Sadiku Matthew N.O.','585','0',NULL,NULL,NULL,NULL),(634,'Principles of Electromagnetics','2015','Sadiku Matthew N.O.','585','0',NULL,NULL,NULL,NULL),(635,'Signals and systems','2015','Oppenheim v. Alan','525','0',NULL,NULL,NULL,NULL),(636,'Signals and systems','2015','Oppenheim v. Alan','525','0',NULL,NULL,NULL,NULL),(637,'Signals and systems','2015','Oppenheim v. Alan','525','0',NULL,NULL,NULL,NULL),(638,'Signals and systems','2015','Oppenheim v. Alan','525','0',NULL,NULL,NULL,NULL),(639,'Signals and systems','2015','Oppenheim v. Alan','525','0',NULL,NULL,NULL,NULL),(640,'\"Digital signal Processing: Principles',' algorithms & Applications\"','Proakis John G.','2014','750',NULL,NULL,NULL,NULL),(641,'\"Digital signal Processing: Principles',' algorithms & Applications\"','Proakis John G.','2014','750',NULL,NULL,NULL,NULL),(642,'\"Digital signal Processing: Principles',' algorithms & Applications\"','Proakis John G.','2014','750',NULL,NULL,NULL,NULL),(643,'FPGA-Based systems design','2009','Wolf wayne','725','0',NULL,NULL,NULL,NULL),(644,'Microprocessor and interfacing','2012','Hall  Douglas V','725','0',NULL,NULL,NULL,NULL),(645,'Microprocessor and interfacing','2012','Hall  Douglas V','725','0',NULL,NULL,NULL,NULL),(646,'Microprocessor and interfacing','2012','Hall  Douglas V','725','0',NULL,NULL,NULL,NULL),(647,'Engineering Physics','2014','Ramakrishnan Raghu','419','0',NULL,NULL,NULL,NULL),(648,'Operating Systems Concepts','2015','Silberschatz Abraham','599','0',NULL,NULL,NULL,NULL),(649,'Operating Systems Concepts','2015','Silberschatz Abraham','599','0',NULL,NULL,NULL,NULL),(650,'Operating Systems Concepts','2015','Silberschatz Abraham','599','0',NULL,NULL,NULL,NULL),(651,'Digital Systems Design using VHDL','2014','Roth H. Charles','450','0',NULL,NULL,NULL,NULL),(652,'Embedded Microcomputer systems Real time inte','2013','Valvano Jonathan W.','560','0',NULL,NULL,NULL,NULL),(653,'Embedded Microcomputer systems Real time inte','2013','Valvano Jonathan W.','560','0',NULL,NULL,NULL,NULL),(654,'Embedded Microcomputer systems Real time inte','2013','Valvano Jonathan W.','560','0',NULL,NULL,NULL,NULL),(655,'Embedded Microcomputer systems Real time inte','2013','Valvano Jonathan W.','560','0',NULL,NULL,NULL,NULL),(656,'Embedded Microcomputer systems Real time inte','2013','Valvano Jonathan W.','560','0',NULL,NULL,NULL,NULL),(657,'\"Embedded Linux: Hardware',' software and interfacing\"','Hollabaugh Craig','2014','525',NULL,NULL,NULL,NULL),(658,'\"Embedded Linux: Hardware',' software and interfacing\"','Hollabaugh Craig','2014','525',NULL,NULL,NULL,NULL),(659,'The avr Microcontroller and embedded systems','2013','Mazidi Muhammad Ali','675','0',NULL,NULL,NULL,NULL),(660,'The avr Microcontroller and embedded systems','2013','Mazidi Muhammad Ali','675','0',NULL,NULL,NULL,NULL),(661,'Discrete Time speech signal processing : Prin','2015','Quatieri Thomas F.','799','0',NULL,NULL,NULL,NULL),(662,'Discrete Time speech signal processing : Prin','2015','Quatieri Thomas F.','799','0',NULL,NULL,NULL,NULL),(663,'Discrete Time speech signal processing : Prin','2015','Quatieri Thomas F.','799','0',NULL,NULL,NULL,NULL),(664,'Fundamentals of Speech Recognition','2009','Rabiner Lawrence','699','0',NULL,NULL,NULL,NULL),(665,'Fundamentals of Speech Recognition','2009','Rabiner Lawrence','699','0',NULL,NULL,NULL,NULL),(666,'Fundamentals of Speech Recognition','2009','Rabiner Lawrence','699','0',NULL,NULL,NULL,NULL),(667,'Artifitial Intelligence: A Modern Approach','2016','Russell Stuart j.','799','0',NULL,NULL,NULL,NULL),(668,'The Design of the UNIX Operating Systems: Int','2012','Maurice j. Bach','350','0',NULL,NULL,NULL,NULL),(669,'The Design of the UNIX Operating Systems: Int','2012','Maurice j. Bach','350','0',NULL,NULL,NULL,NULL),(670,'Computer Vision: A Modren approach','2015','Forsyth','695','0',NULL,NULL,NULL,NULL),(671,'Digital signal Processing','2012','Oppenheim v. Alan','325','0',NULL,NULL,NULL,NULL),(672,'Digital signal Processing','2012','Oppenheim v. Alan','325','0',NULL,NULL,NULL,NULL),(673,'Digital signal Processing','2012','Oppenheim v. Alan','325','0',NULL,NULL,NULL,NULL),(674,'Operating Systems: Design and Implementation','2012','Tanenbaum Andre S.','595','0',NULL,NULL,NULL,NULL),(675,'Operating Systems: Design and Implementation','2012','Tanenbaum Andre S.','595','0',NULL,NULL,NULL,NULL),(676,'Digital Image processing using MATLAB','2015','Gonzalez Rafael C.','735','0',NULL,NULL,NULL,NULL),(677,'Digital Image processing using MATLAB','2015','Gonzalez Rafael C.','735','0',NULL,NULL,NULL,NULL),(678,'Digital Image processing using MATLAB','2015','Gonzalez Rafael C.','735','0',NULL,NULL,NULL,NULL),(679,'Kennedy\'s Electronics communication Systems','2013','Kennedy George','650','0',NULL,NULL,NULL,NULL),(680,'Kennedy\'s Electronics communication Systems','2013','Kennedy George','650','0',NULL,NULL,NULL,NULL),(681,'Kennedy\'s Electronics communication Systems','2013','Kennedy George','650','0',NULL,NULL,NULL,NULL),(682,'\"Millman\'s Pulse',' digital and Switching Waveforms\"','Millman Jacob','2015','650',NULL,NULL,NULL,NULL),(683,'\"Millman\'s Pulse',' digital and Switching Waveforms\"','Millman Jacob','2015','650',NULL,NULL,NULL,NULL),(684,'\"Millman\'s Pulse',' digital and Switching Waveforms\"','Millman Jacob','2015','650',NULL,NULL,NULL,NULL),(685,'Machine Learning','2013','Mitchell Tom M.','425','0',NULL,NULL,NULL,NULL),(686,'Signals and systems','2014','Haykin Simon','719','0',NULL,NULL,NULL,NULL),(687,'Signals and systems','2014','Haykin Simon','719','0',NULL,NULL,NULL,NULL),(688,'Signals and systems','2014','Haykin Simon','719','0',NULL,NULL,NULL,NULL),(689,'Signals and systems','2014','Haykin Simon','719','0',NULL,NULL,NULL,NULL),(690,'Signals and systems','2014','Haykin Simon','719','0',NULL,NULL,NULL,NULL),(691,'Embedded system Design: A Unified Hardware/ s','2012','Vahid Frank','499','0',NULL,NULL,NULL,NULL),(692,'Embedded system Design: A Unified Hardware/ s','2012','Vahid Frank','499','0',NULL,NULL,NULL,NULL),(693,'Embedded system Design: A Unified Hardware/ s','2012','Vahid Frank','499','0',NULL,NULL,NULL,NULL),(694,'Embedded system Design: A Unified Hardware/ s','2012','Vahid Frank','499','0',NULL,NULL,NULL,NULL),(695,'Embedded system Design: A Unified Hardware/ s','2012','Vahid Frank','499','0',NULL,NULL,NULL,NULL),(696,'Introduction to The theory of Computation','2013','Sipser Michael','399','0',NULL,NULL,NULL,NULL),(697,'Introduction to The theory of Computation','2013','Sipser Michael','399','0',NULL,NULL,NULL,NULL),(698,'Introduction to The theory of Computation','2013','Sipser Michael','399','0',NULL,NULL,NULL,NULL),(699,'Introduction to The theory of Computation','2013','Sipser Michael','399','0',NULL,NULL,NULL,NULL),(700,'Embedded Microcomputer systems Real time inte','2013','Valvano Jonathan W.','560','0',NULL,NULL,NULL,NULL),(701,'Embedded Microcomputer systems Real time inte','2013','Valvano Jonathan W.','560','0',NULL,NULL,NULL,NULL),(702,'Principles of Electromagnetics','2015','Sadiku Matthew N.O.','585','0',NULL,NULL,NULL,NULL),(703,'Principles of Electromagnetics','2015','Sadiku Matthew N.O.','585','0',NULL,NULL,NULL,NULL),(704,'Principles of Electromagnetics','2015','Sadiku Matthew N.O.','585','0',NULL,NULL,NULL,NULL),(705,'Principles of Electromagnetics','2015','Sadiku Matthew N.O.','585','0',NULL,NULL,NULL,NULL),(706,'\"Database Systems: Models',' Languages','Elmasri Rameez',' Design and application Programming\"','2014',NULL,NULL,NULL,NULL),(707,'\"Database Systems: Models',' Languages','Elmasri Rameez',' Design and application Programming\"','2014',NULL,NULL,NULL,NULL),(708,'\"Database Systems: Models',' Languages','Elmasri Rameez',' Design and application Programming\"','2014',NULL,NULL,NULL,NULL),(709,'\"Database Systems: Models',' Languages','Elmasri Rameez',' Design and application Programming\"','2014',NULL,NULL,NULL,NULL),(710,'\"Database Systems: Models',' Languages','Elmasri Rameez',' Design and application Programming\"','2014',NULL,NULL,NULL,NULL),(711,'\"Database Systems: Models',' Languages','Elmasri Rameez',' Design and application Programming\"','2014',NULL,NULL,NULL,NULL),(712,'\"Database Systems: Models',' Languages','Elmasri Rameez',' Design and application Programming\"','2014',NULL,NULL,NULL,NULL),(713,'Digital Image Processing','2014','Gonzalez Rafael C.','875','0',NULL,NULL,NULL,NULL),(714,'Digital Image Processing','2014','Gonzalez Rafael C.','875','0',NULL,NULL,NULL,NULL),(715,'Introduction to Automat theory languages and ','2013','Hopcraft John E.','699','0',NULL,NULL,NULL,NULL),(716,'Introduction to Automat theory languages and ','2013','Hopcraft John E.','699','0',NULL,NULL,NULL,NULL),(717,'Introduction to Automat theory languages and ','2013','Hopcraft John E.','699','0',NULL,NULL,NULL,NULL),(718,'Introduction to Automat theory languages and ','2013','Hopcraft John E.','699','0',NULL,NULL,NULL,NULL),(719,'Algorithm Design','2015','Kleinberg jon','785','0',NULL,NULL,NULL,NULL),(720,'Algorithm Design','2015','Kleinberg jon','785','0',NULL,NULL,NULL,NULL),(721,'Software Engineering: A Practioners approach','2012','Pressman Roger S','775','0',NULL,NULL,NULL,NULL),(722,'Introduction to algorithms','2012','Cormen H.Thomas','995','0',NULL,NULL,NULL,NULL),(723,'Introduction to algorithms','2012','Cormen H.Thomas','995','0',NULL,NULL,NULL,NULL),(724,'Electronic Circuits : analysis and Design','2014','Neamen Donald A','840','0',NULL,NULL,NULL,NULL),(725,'Electronic Circuits : analysis and Design','2014','Neamen Donald A','840','0',NULL,NULL,NULL,NULL),(726,'Electronic Circuits : analysis and Design','2014','Neamen Donald A','840','0',NULL,NULL,NULL,NULL),(727,'Electronic Circuits : analysis and Design','2014','Neamen Donald A','840','0',NULL,NULL,NULL,NULL),(728,'Software Engineering','2014','Sommerville Ian','850','0',NULL,NULL,NULL,NULL),(729,'Database systems Concepts','2013','Silberschatz Abraham','825','0',NULL,NULL,NULL,NULL),(730,'Database systems Concepts','2013','Silberschatz Abraham','825','0',NULL,NULL,NULL,NULL),(731,'Database systems Concepts','2013','Silberschatz Abraham','825','0',NULL,NULL,NULL,NULL),(732,'Database systems Concepts','2013','Silberschatz Abraham','825','0',NULL,NULL,NULL,NULL),(733,'Anteena theory: Analysis and Design','2015','Constabtine Balanis A.','709','0',NULL,NULL,NULL,NULL),(734,'Anteena theory: Analysis and Design','2015','Constabtine Balanis A.','709','0',NULL,NULL,NULL,NULL),(735,'Anteena theory: Analysis and Design','2015','Constabtine Balanis A.','709','0',NULL,NULL,NULL,NULL),(736,'Anteena theory: Analysis and Design','2015','Constabtine Balanis A.','709','0',NULL,NULL,NULL,NULL),(737,'Elements of Information Theory','2014','Cover Thomas M.','579','0',NULL,NULL,NULL,NULL),(738,'Elements of Information Theory','2014','Cover Thomas M.','579','0',NULL,NULL,NULL,NULL),(739,'Analysis and Design of Analog Integrated Circ','2015','Gray and Hurst','719','0',NULL,NULL,NULL,NULL),(740,'Analysis and Design of Analog Integrated Circ','2015','Gray and Hurst','719','0',NULL,NULL,NULL,NULL),(741,'Signals and systems','2014','Haykin Simon','719','0',NULL,NULL,NULL,NULL),(742,'Signals and systems','2014','Haykin Simon','719','0',NULL,NULL,NULL,NULL),(743,'Pankaj Jalote\'s Software engineering : A Prec','2012','Pankaj Jalote\'s','449','0',NULL,NULL,NULL,NULL),(744,'Microwave engineering','2013','Pozar David M.','619','0',NULL,NULL,NULL,NULL),(745,'Microwave engineering','2013','Pozar David M.','619','0',NULL,NULL,NULL,NULL),(746,'Microwave engineering','2013','Pozar David M.','619','0',NULL,NULL,NULL,NULL),(747,'Microwave engineering','2013','Pozar David M.','619','0',NULL,NULL,NULL,NULL),(748,'Operating Systems Concepts','2015','Silberschatz Abraham','599','0',NULL,NULL,NULL,NULL),(749,'Operating Systems Concepts','2015','Silberschatz Abraham','599','0',NULL,NULL,NULL,NULL),(750,'Operating Systems Concepts','2015','Silberschatz Abraham','599','0',NULL,NULL,NULL,NULL),(751,'Operating Systems Concepts','2015','Silberschatz Abraham','599','0',NULL,NULL,NULL,NULL),(752,'Operating Systems Concepts','2015','Silberschatz Abraham','599','0',NULL,NULL,NULL,NULL),(753,'Embedded system Design: A Unified Hardware/ s','2012','Vahid Frank','499','0',NULL,NULL,NULL,NULL),(754,'Embedded system Design: A Unified Hardware/ s','2012','Vahid Frank','499','0',NULL,NULL,NULL,NULL),(755,'Engineering Electromagnetic (SIE)','2014','Hayt W H','575','0',NULL,NULL,NULL,NULL),(756,'Problems & Solutions in Electromagnetics','2014','Hayt W H','525','0',NULL,NULL,NULL,NULL),(757,'Introductory MEMS : Fabrication and apllicati','2014','Thomas Adams M.','795','0',NULL,NULL,NULL,NULL),(758,'Smart Material systems & MEMS: Design & Devel','2014','Varadan k. vijay','769','0',NULL,NULL,NULL,NULL),(759,'The Pragmatic Programmer','2015','Hunt Andrew','499','0',NULL,NULL,NULL,NULL),(760,'Fundamentals of software Engineering','2010','Ghezzi Carlo','450','0',NULL,NULL,NULL,NULL),(761,'Fundamentals of software Engineering','2010','Ghezzi Carlo','450','0',NULL,NULL,NULL,NULL),(762,'Fundamentals of software Engineering','2010','Ghezzi Carlo','450','0',NULL,NULL,NULL,NULL),(763,'Fundamentals of software Engineering','2010','Ghezzi Carlo','450','0',NULL,NULL,NULL,NULL),(764,'Fundamentals of software Engineering','2010','Ghezzi Carlo','450','0',NULL,NULL,NULL,NULL),(765,'Fundamentals of software Engineering','2010','Ghezzi Carlo','450','0',NULL,NULL,NULL,NULL),(766,'Fundamentals of software Engineering','2010','Ghezzi Carlo','450','0',NULL,NULL,NULL,NULL),(767,'Python Essential Reference edition','2015','Beazley.m. david','49.99','0',NULL,NULL,NULL,NULL),(768,'Network theory : Analysis & Synthesis','2013','Ghosh Smarajit','425','0',NULL,NULL,NULL,NULL),(769,'Satellite Communication Engineering','2015','sharma K.K.','585','0',NULL,NULL,NULL,NULL),(770,'Satellite Communication Engineering','2015','sharma K.K.','585','0',NULL,NULL,NULL,NULL),(771,'Satellite Communication Engineering','2015','sharma K.K.','585','0',NULL,NULL,NULL,NULL),(772,'Signals and systems','2013','HSU Hwei P','499','0',NULL,NULL,NULL,NULL),(773,'Software Engineering: A Practioners approach','2012','Pressman Roger S','775','0',NULL,NULL,NULL,NULL),(774,'C: The Complete reference','2015','Schildt Herbert','575','0',NULL,NULL,NULL,NULL),(775,'Digital Image Processing','2014','Gonzalez Rafael C.','899','0',NULL,NULL,NULL,NULL),(776,'Operating Systems: Internals and Design Princ','2015','Stallings William','799','0',NULL,NULL,NULL,NULL),(777,'Exploding the creativity of MYTH: the computa','2012','Veale tony','19.99','0',NULL,NULL,NULL,NULL),(778,'Embedded systems design using C8051','2011','Han-Way huang','475','0',NULL,NULL,NULL,NULL),(779,'Embedded systems design using C8051','2011','Han-Way huang','475','0',NULL,NULL,NULL,NULL),(780,'Cambridge Grammar of english','2015','Carter Ronald','825','0',NULL,NULL,NULL,NULL),(781,'Study Reading','2010','Glendinning Ecic H.','225','0',NULL,NULL,NULL,NULL),(782,'Study Reading','2010','Glendinning Ecic H.','225','0',NULL,NULL,NULL,NULL),(783,'2000 Solved Problems in Digital Electronics','2014','Bali S P','660','0',NULL,NULL,NULL,NULL),(784,'Introduction to computation & Programming usi','2013','Guttag John V.','26','0',NULL,NULL,NULL,NULL),(785,'UML Distilled : A Brief guide to the standard','2016','Martin Fowler','325','0',NULL,NULL,NULL,NULL),(786,'UML Distilled : A Brief guide to the standard','2016','Martin Fowler','325','0',NULL,NULL,NULL,NULL),(787,'AI modern approach by Russell&Norvig','2016','Gamma Erich  and Helm  Richard','2016','0',NULL,NULL,NULL,NULL),(788,'Design Patterns','2016','Gamma Erich  and Helm  Richard','549','0',NULL,NULL,NULL,NULL),(789,'\"Introductio to formal Languages',' Automata theory and Computation\"','Krithivasan Kamala','2016','429',NULL,NULL,NULL,NULL),(790,'\"Introductio to formal Languages',' Automata theory and Computation\"','Krithivasan Kamala','2016','429',NULL,NULL,NULL,NULL),(791,'\"Introductio to formal Languages',' Automata theory and Computation\"','Krithivasan Kamala','2016','429',NULL,NULL,NULL,NULL),(792,'Introduction to Digital signal Processing','2005','Johnny R. Johnson','250','0',NULL,NULL,NULL,NULL),(793,'Designing embedded Hardware','2014','Catsoulis John','600','0',NULL,NULL,NULL,NULL),(794,'Designing embedded Hardware','2014','Catsoulis John','600','0',NULL,NULL,NULL,NULL),(795,'Designing embedded Hardware','2014','Catsoulis John','600','0',NULL,NULL,NULL,NULL),(796,'\"Fundamentals of Microfabrication and Nanotec',' Fluidics','Madou Marc J.',' and Analytical Techniques in Micro and Nanot','2012',NULL,NULL,NULL,NULL),(797,'Fundamentals of Microfabrication and Nano tec','2012','Madou Marc J.','183','0',NULL,NULL,NULL,NULL),(798,'Fundamentals of Microfabrication and Nano tec','2012','Madou Marc J.','183','0',NULL,NULL,NULL,NULL),(799,'To Engineer is Human','2012','Fetroski','1005','0',NULL,NULL,NULL,NULL),(800,'CDMA Systems Engineering Handbook','1998','Sam Lee Jhong','6659','0',NULL,NULL,NULL,NULL),(801,'Applying UML and Patterns','2016','Larman Craig','549','0',NULL,NULL,NULL,NULL),(802,'Applying UML and Patterns','2016','Larman Craig','549','0',NULL,NULL,NULL,NULL),(803,'Applying UML and Patterns','2016','Larman Craig','549','0',NULL,NULL,NULL,NULL),(804,'Applying UML and Patterns','2016','Larman Craig','549','0',NULL,NULL,NULL,NULL),(805,'Applying UML and Patterns','2016','Larman Craig','549','0',NULL,NULL,NULL,NULL),(806,'Fundamentals of software Engineering','2015','Mall Rajid','325','0',NULL,NULL,NULL,NULL),(807,'Fundamentals of software Engineering','2015','Mall Rajid','325','0',NULL,NULL,NULL,NULL),(808,'Fundamentals of software Engineering','2015','Mall Rajid','325','0',NULL,NULL,NULL,NULL),(809,'Fundamentals of software Engineering','2015','Mall Rajid','325','0',NULL,NULL,NULL,NULL),(810,'Fundamentals of software Engineering','2015','Mall Rajid','325','0',NULL,NULL,NULL,NULL),(811,'Head first Objective Oriented Analysis & Desi','2014','McLaughlin Brett. D','675','0',NULL,NULL,NULL,NULL),(812,'Head first Objective Oriented Analysis & Desi','2014','McLaughlin Brett. D','675','0',NULL,NULL,NULL,NULL),(813,'Head first Objective Oriented Analysis & Desi','2014','McLaughlin Brett. D','675','0',NULL,NULL,NULL,NULL),(814,'Head first Objective Oriented Analysis & Desi','2014','McLaughlin Brett. D','675','0',NULL,NULL,NULL,NULL),(815,'Gate Elctroronics and Communication : Elctron','2014','Kanodia R.K.','370','0',NULL,NULL,NULL,NULL),(816,'Gate Elctroronics and Communication : Analog ','2014','Kanodia R.K.','660','0',NULL,NULL,NULL,NULL),(817,'Gate Elctroronics and Communication : Digital','2014','Kanodia R.K.','490','0',NULL,NULL,NULL,NULL),(818,'Introduction to Microfluidics','2011','Patrick  Tabeking','31.99','0',NULL,NULL,NULL,NULL),(819,'Search Engines : Information Retrieval in Pra','2010','Croft W Bhruce','142.2','0',NULL,NULL,NULL,NULL),(820,'Search Engines : Information Retrieval in Pra','2010','Croft W Bhruce','142.2','0',NULL,NULL,NULL,NULL),(821,'Search Engines : Information Retrieval in Pra','2010','Croft W Bhruce','142.2','0',NULL,NULL,NULL,NULL),(822,'Death March','2004','Yourdon Edward','59.99','0',NULL,NULL,NULL,NULL),(823,'Introduction to Coding and Information Theory','1996','Roman Steven','62.95','0',NULL,NULL,NULL,NULL),(824,'Introduction to Coding and Information Theory','1996','Roman Steven','62.95','0',NULL,NULL,NULL,NULL),(825,'Introduction to Coding and Information Theory','1996','Roman Steven','62.95','0',NULL,NULL,NULL,NULL),(826,'Introduction to Coding and Information Theory','1996','Roman Steven','62.95','0',NULL,NULL,NULL,NULL),(827,'Introduction to Coding and Information Theory','1996','Roman Steven','62.95','0',NULL,NULL,NULL,NULL),(828,'Computer Vision : Algorithms and applications','2011','Szeliski Richard','74.95','0',NULL,NULL,NULL,NULL),(829,'Basic abstract algebra','2012','Bhattacharya P.B.','345','0',NULL,NULL,NULL,NULL),(830,'Basic abstract algebra','2012','Bhattacharya P.B.','345','0',NULL,NULL,NULL,NULL),(831,'Basic abstract algebra','2012','Bhattacharya P.B.','345','0',NULL,NULL,NULL,NULL),(832,'Basic abstract algebra','2012','Bhattacharya P.B.','345','0',NULL,NULL,NULL,NULL),(833,'Basic abstract algebra','2012','Bhattacharya P.B.','345','0',NULL,NULL,NULL,NULL),(834,'Basic abstract algebra','2012','Bhattacharya P.B.','345','0',NULL,NULL,NULL,NULL),(835,'Computer Organization and Design','2010','Patterson David A','575','0',NULL,NULL,NULL,NULL),(836,'Computer Organization and Design','2010','Patterson David A','575','0',NULL,NULL,NULL,NULL),(837,'Computer Organization and Design','2010','Patterson David A','575','0',NULL,NULL,NULL,NULL),(838,'Computer Organization and Design','2010','Patterson David A','575','0',NULL,NULL,NULL,NULL),(839,'Computer Networks: A systems Approach','2014','Peterson Larry L.','575','0',NULL,NULL,NULL,NULL),(840,'Computer Networks: A systems Approach','2014','Peterson Larry L.','575','0',NULL,NULL,NULL,NULL),(841,'Computer Networks: A systems Approach','2014','Peterson Larry L.','575','0',NULL,NULL,NULL,NULL),(842,'Computer Networks: A systems Approach','2014','Peterson Larry L.','575','0',NULL,NULL,NULL,NULL),(843,'Complex Variables and Applications','2014','Brown James Ward','575','0',NULL,NULL,NULL,NULL),(844,'Complex Variables and Applications','2014','Brown James Ward','575','0',NULL,NULL,NULL,NULL),(845,'Complex Variables and Applications','2014','Brown James Ward','575','0',NULL,NULL,NULL,NULL),(846,'Complex Variables and Applications','2014','Brown James Ward','575','0',NULL,NULL,NULL,NULL),(847,'CMOS Digital Integrated Circuits','2014','Kang Sung-Mo','675','0',NULL,NULL,NULL,NULL),(848,'CMOS Digital Integrated Circuits','2014','Kang Sung-Mo','675','0',NULL,NULL,NULL,NULL),(849,'CMOS Digital Integrated Circuits','2014','Kang Sung-Mo','675','0',NULL,NULL,NULL,NULL),(850,'CMOS Digital Integrated Circuits','2014','Kang Sung-Mo','675','0',NULL,NULL,NULL,NULL),(851,'CMOS Digital Integrated Circuits','2014','Kang Sung-Mo','675','0',NULL,NULL,NULL,NULL),(852,'Kennedy\'s Electronics communication Systems','2013','Kennedy George','650','0',NULL,NULL,NULL,NULL),(853,'Kennedy\'s Electronics communication Systems','2013','Kennedy George','650','0',NULL,NULL,NULL,NULL),(854,'Kennedy\'s Electronics communication Systems','2013','Kennedy George','650','0',NULL,NULL,NULL,NULL),(855,'Kennedy\'s Electronics communication Systems','2013','Kennedy George','650','0',NULL,NULL,NULL,NULL),(856,'Machine Learning','2013','Mitchell Tom M.','425','0',NULL,NULL,NULL,NULL),(857,'Machine Learning','2013','Mitchell Tom M.','425','0',NULL,NULL,NULL,NULL),(858,'Machine Learning','2013','Mitchell Tom M.','425','0',NULL,NULL,NULL,NULL),(859,'Complex Variables','2013','Spiegel Murray R','550','0',NULL,NULL,NULL,NULL),(860,'Complex Variables','2013','Spiegel Murray R','550','0',NULL,NULL,NULL,NULL),(861,'Complex Variables','2013','Spiegel Murray R','550','0',NULL,NULL,NULL,NULL),(862,'Complex Variables','2013','Spiegel Murray R','550','0',NULL,NULL,NULL,NULL),(863,'Complex Variables','2013','Spiegel Murray R','550','0',NULL,NULL,NULL,NULL),(864,'Complex Variables','2013','Spiegel Murray R','550','0',NULL,NULL,NULL,NULL),(865,'Complex Variables','2013','Spiegel Murray R','550','0',NULL,NULL,NULL,NULL),(866,'Linear Integrated Circuits','2012','Roy Choudhury D.','350','0',NULL,NULL,NULL,NULL),(867,'Linear Integrated Circuits','2012','Roy Choudhury D.','350','0',NULL,NULL,NULL,NULL),(868,'Linear Integrated Circuits','2012','Roy Choudhury D.','350','0',NULL,NULL,NULL,NULL),(869,'Linear Integrated Circuits','2012','Roy Choudhury D.','350','0',NULL,NULL,NULL,NULL),(870,'Linear Integrated Circuits','2012','Roy Choudhury D.','350','0',NULL,NULL,NULL,NULL),(871,'Linear Integrated Circuits','2012','Roy Choudhury D.','350','0',NULL,NULL,NULL,NULL),(872,'Linear Integrated Circuits','2012','Roy Choudhury D.','350','0',NULL,NULL,NULL,NULL),(873,'Linear Integrated Circuits','2012','Roy Choudhury D.','350','0',NULL,NULL,NULL,NULL),(874,'Control Systems Engineering','2007','Nagrath I J','425','0',NULL,NULL,NULL,NULL),(875,'Control Systems Engineering','2007','Nagrath I J','425','0',NULL,NULL,NULL,NULL),(876,'Control Systems Engineering','2007','Nagrath I J','425','0',NULL,NULL,NULL,NULL),(877,'Control Systems Engineering','2007','Nagrath I J','425','0',NULL,NULL,NULL,NULL),(878,'Fundamentals of Data Structures in C++','2015','Horowitz Ellis','425','0',NULL,NULL,NULL,NULL),(879,'Fundamentals of Data Structures in C++','2015','Horowitz Ellis','425','0',NULL,NULL,NULL,NULL),(880,'Fundamentals of Data Structures in C++','2015','Horowitz Ellis','425','0',NULL,NULL,NULL,NULL),(881,'Fundamentals of Data Structures in C++','2015','Horowitz Ellis','425','0',NULL,NULL,NULL,NULL),(882,'Fundamentals of Data Structures in C++','2015','Horowitz Ellis','425','0',NULL,NULL,NULL,NULL),(883,'Fundamentals of Data Structures in C++','2015','Horowitz Ellis','425','0',NULL,NULL,NULL,NULL),(884,'Fundamentals of Data Structures in C++','2015','Horowitz Ellis','425','0',NULL,NULL,NULL,NULL),(885,'Fundamentals of Data Structures in C++','2015','Horowitz Ellis','425','0',NULL,NULL,NULL,NULL),(886,'Fundamentals of Data Structures in C++','2015','Horowitz Ellis','425','0',NULL,NULL,NULL,NULL),(887,'\"Data Structures ',' algorithms & applications in C++\"','Sahni Sartaj','2009','475',NULL,NULL,NULL,NULL),(888,'\"Data Structures ',' algorithms & applications in C++\"','Sahni Sartaj','2009','475',NULL,NULL,NULL,NULL),(889,'\"Data Structures ',' algorithms & applications in C++\"','Sahni Sartaj','2009','475',NULL,NULL,NULL,NULL),(890,'\"Data Structures ',' algorithms & applications in C++\"','Sahni Sartaj','2009','475',NULL,NULL,NULL,NULL),(891,'Microelectronic circuits theory & application','2014','Sedra Adel S.','750','0',NULL,NULL,NULL,NULL),(892,'Microelectronic circuits theory & application','2014','Sedra Adel S.','750','0',NULL,NULL,NULL,NULL),(893,'Microelectronic circuits theory & application','2014','Sedra Adel S.','750','0',NULL,NULL,NULL,NULL),(894,'Microelectronic circuits theory & application','2014','Sedra Adel S.','750','0',NULL,NULL,NULL,NULL),(895,'Computer Networks : a Top down approach','2015','Kurose James F.','759','0',NULL,NULL,NULL,NULL),(896,'Computer Networks : a Top down approach','2015','Kurose James F.','759','0',NULL,NULL,NULL,NULL),(897,'Computer Networks : a Top down approach','2015','Kurose James F.','759','0',NULL,NULL,NULL,NULL),(898,'Computer Networks : a Top down approach','2015','Kurose James F.','759','0',NULL,NULL,NULL,NULL),(899,'Computer Networks : a Top down approach','2015','Kurose James F.','759','0',NULL,NULL,NULL,NULL),(900,'Computer Networks : a Top down approach','2015','Kurose James F.','759','0',NULL,NULL,NULL,NULL),(901,'Computer Networks : a Top down approach','2015','Kurose James F.','759','0',NULL,NULL,NULL,NULL),(902,'Computer systems architecture','2013','Mano Morris.M','599','0',NULL,NULL,NULL,NULL),(903,'Computer systems architecture','2013','Mano Morris.M','599','0',NULL,NULL,NULL,NULL),(904,'Computer systems architecture','2013','Mano Morris.M','599','0',NULL,NULL,NULL,NULL),(905,'Computer systems architecture','2013','Mano Morris.M','599','0',NULL,NULL,NULL,NULL),(906,'Computer systems architecture','2013','Mano Morris.M','599','0',NULL,NULL,NULL,NULL),(907,'Computer systems architecture','2013','Mano Morris.M','599','0',NULL,NULL,NULL,NULL),(908,'Computer systems architecture','2013','Mano Morris.M','599','0',NULL,NULL,NULL,NULL),(909,'Computer systems architecture','2013','Mano Morris.M','599','0',NULL,NULL,NULL,NULL),(910,'Wireless Communication','2013','Rappaport Theodore S.','699','0',NULL,NULL,NULL,NULL),(911,'Wireless Communication','2013','Rappaport Theodore S.','699','0',NULL,NULL,NULL,NULL),(912,'Wireless Communication','2013','Rappaport Theodore S.','699','0',NULL,NULL,NULL,NULL),(913,'Wireless Communication','2013','Rappaport Theodore S.','699','0',NULL,NULL,NULL,NULL),(914,'Wireless Communication','2013','Rappaport Theodore S.','699','0',NULL,NULL,NULL,NULL),(915,'Wireless Communication','2013','Rappaport Theodore S.','699','0',NULL,NULL,NULL,NULL),(916,'Wireless Communication','2013','Rappaport Theodore S.','699','0',NULL,NULL,NULL,NULL),(917,'','2013','Rappaport Theodore S.','699','0',NULL,NULL,NULL,NULL),(918,'Wireless Communication','2013','Rappaport Theodore S.','699','0',NULL,NULL,NULL,NULL),(919,'Wireless Communication','2013','Rappaport Theodore S.','699','0',NULL,NULL,NULL,NULL),(920,'Wireless Communication','2013','Rappaport Theodore S.','699','0',NULL,NULL,NULL,NULL),(921,'Computer Organization and Architechture : Des','2014','Stallings William','749','0',NULL,NULL,NULL,NULL),(922,'Computer Organization and Architechture : Des','2014','Stallings William','749','0',NULL,NULL,NULL,NULL),(923,'Computer Organization and Architechture : Des','2014','Stallings William','749','0',NULL,NULL,NULL,NULL),(924,'Computer Organization and Architechture : Des','2014','Stallings William','749','0',NULL,NULL,NULL,NULL),(925,'Computer Organization and Architechture : Des','2014','Stallings William','749','0',NULL,NULL,NULL,NULL),(926,'Computer Organization and Architechture : Des','2014','Stallings William','749','0',NULL,NULL,NULL,NULL),(927,'Computer Organization and Architechture : Des','2014','Stallings William','749','0',NULL,NULL,NULL,NULL),(928,'\"Data Structures ',' algorithm analysis in C++\"','Weiss Mark Allen','2014','709',NULL,NULL,NULL,NULL),(929,'\"Data Structures ',' algorithm analysis in C++\"','Weiss Mark Allen','2014','709',NULL,NULL,NULL,NULL),(930,'\"Data Structures ',' algorithm analysis in C++\"','Weiss Mark Allen','2014','709',NULL,NULL,NULL,NULL),(931,'\"Data Structures ',' algorithm analysis in C++\"','Weiss Mark Allen','2014','709',NULL,NULL,NULL,NULL),(932,'\"Data Structures ',' algorithm analysis in C++\"','Weiss Mark Allen','2014','709',NULL,NULL,NULL,NULL),(933,'\"Data Structures ',' algorithm analysis in C++\"','Weiss Mark Allen','2014','709',NULL,NULL,NULL,NULL),(934,'\"Data Structures ',' algorithm analysis in C++\"','Weiss Mark Allen','2014','709',NULL,NULL,NULL,NULL),(935,'\"Data Structures ',' algorithm analysis in C++\"','Weiss Mark Allen','2014','709',NULL,NULL,NULL,NULL),(936,'CMOS VLSI Design','2015','Weste Neil H.E.','825','0',NULL,NULL,NULL,NULL),(937,'CMOS VLSI Design','2015','Weste Neil H.E.','825','0',NULL,NULL,NULL,NULL),(938,'Introduction to Machine Learning','2015','Alpaydin Ethem','625','0',NULL,NULL,NULL,NULL),(939,'Introduction to Machine Learning','2015','Alpaydin Ethem','625','0',NULL,NULL,NULL,NULL),(940,'Introduction to Machine Learning','2015','Alpaydin Ethem','625','0',NULL,NULL,NULL,NULL),(941,'Introduction to Machine Learning','2015','Alpaydin Ethem','625','0',NULL,NULL,NULL,NULL),(942,'Matrix and Linear algebra : aided with MATLAB','2012','Kanti Bhushan  Datta','395','0',NULL,NULL,NULL,NULL),(943,'Matrix and Linear algebra : aided with MATLAB','2012','Kanti Bhushan  Datta','395','0',NULL,NULL,NULL,NULL),(944,'Matrix and Linear algebra : aided with MATLAB','2012','Kanti Bhushan  Datta','395','0',NULL,NULL,NULL,NULL),(945,'Electronics - Analog and Digital','2013','Nagrath I J','475','0',NULL,NULL,NULL,NULL),(946,'Basic VLSI Design','2015','Pucknell Douglas A.','375','0',NULL,NULL,NULL,NULL),(947,'Basic VLSI Design','2015','Pucknell Douglas A.','375','0',NULL,NULL,NULL,NULL),(948,'Advance high voltage Power Device Concepts','2015','Baliga Jayant.B','199','0',NULL,NULL,NULL,NULL),(949,'Pattren Classification','2015','Duda Richard O','739','0',NULL,NULL,NULL,NULL),(950,'Pattren Classification','2015','Duda Richard O','739','0',NULL,NULL,NULL,NULL),(951,'Pattren Classification','2015','Duda Richard O','739','0',NULL,NULL,NULL,NULL),(952,'Pattren Classification','2015','Duda Richard O','739','0',NULL,NULL,NULL,NULL),(953,'Topics in algebra','2012','Herstein I. N.','529','0',NULL,NULL,NULL,NULL),(954,'Topics in algebra','2012','Herstein I. N.','529','0',NULL,NULL,NULL,NULL),(955,'Topics in algebra','2012','Herstein I. N.','529','0',NULL,NULL,NULL,NULL),(956,'Topics in algebra','2012','Herstein I. N.','529','0',NULL,NULL,NULL,NULL),(957,'Software Requirement Specifications','1998','Jackson Michael','49.99','0',NULL,NULL,NULL,NULL),(958,'Discrete Time speech signal processing : Prin','2015','Quatieri Thomas F.','829','0',NULL,NULL,NULL,NULL),(959,'Discrete Time speech signal processing : Prin','2015','Quatieri Thomas F.','829','0',NULL,NULL,NULL,NULL),(960,'Discrete Time speech signal processing : Prin','2015','Quatieri Thomas F.','829','0',NULL,NULL,NULL,NULL),(961,'Discrete Time speech signal processing : Prin','2015','Quatieri Thomas F.','829','0',NULL,NULL,NULL,NULL),(962,'Discrete Time speech signal processing : Prin','2015','Quatieri Thomas F.','829','0',NULL,NULL,NULL,NULL),(963,'Fundamentals of Speech Recognition','2009','Rabiner Lawrence','719','0',NULL,NULL,NULL,NULL),(964,'Fundamentals of Speech Recognition','2009','Rabiner Lawrence','719','0',NULL,NULL,NULL,NULL),(965,'Fundamentals of Speech Recognition','2009','Rabiner Lawrence','719','0',NULL,NULL,NULL,NULL),(966,'Fundamentals of Speech Recognition','2009','Rabiner Lawrence','719','0',NULL,NULL,NULL,NULL),(967,'Fundamentals of Speech Recognition','2009','Rabiner Lawrence','719','0',NULL,NULL,NULL,NULL),(968,'Fundamentals of Speech Recognition','2009','Rabiner Lawrence','719','0',NULL,NULL,NULL,NULL),(969,'Fundamentals of Speech Recognition','2009','Rabiner Lawrence','719','0',NULL,NULL,NULL,NULL),(970,'Fundamentals of Speech Recognition','2009','Rabiner Lawrence','719','0',NULL,NULL,NULL,NULL),(971,'Introduction to Probability Models','2014','Ross Sheldon','565','0',NULL,NULL,NULL,NULL),(972,'Introduction to Probability Models','2014','Ross Sheldon','565','0',NULL,NULL,NULL,NULL),(973,'A First Course in Probability','2014','Ross Sheldon','699','0',NULL,NULL,NULL,NULL),(974,'Introduction to Machine Learning','2015','Alpaydin Ethem','625','0',NULL,NULL,NULL,NULL),(975,'Introduction to Machine Learning','2015','Alpaydin Ethem','625','0',NULL,NULL,NULL,NULL),(976,'Introduction to Machine Learning','2015','Alpaydin Ethem','625','0',NULL,NULL,NULL,NULL),(977,'Introduction to Machine Learning','2015','Alpaydin Ethem','625','0',NULL,NULL,NULL,NULL),(978,'Introduction to Machine Learning','2015','Alpaydin Ethem','625','0',NULL,NULL,NULL,NULL),(979,'Introduction to Machine Learning','2015','Alpaydin Ethem','625','0',NULL,NULL,NULL,NULL),(980,'Matrix and Linear algebra : aided with MATLAB','2012','Kanti Bhushan  Datta','395','0',NULL,NULL,NULL,NULL),(981,'Electronics - Analog and Digital','2013','Nagrath I J','475','0',NULL,NULL,NULL,NULL),(982,'Electronics - Analog and Digital','2013','Nagrath I J','475','0',NULL,NULL,NULL,NULL),(983,'Electronics - Analog and Digital','2013','Nagrath I J','475','0',NULL,NULL,NULL,NULL),(984,'Pattern Recognition and Machine Learning','2015','Bishop Christopher M.','1150','0',NULL,NULL,NULL,NULL),(985,'Pattern Recognition and Machine Learning','2015','Bishop Christopher M.','1150','0',NULL,NULL,NULL,NULL),(986,'Pattern Recognition and Machine Learning','2015','Bishop Christopher M.','1150','0',NULL,NULL,NULL,NULL),(987,'Textbook of Quantum Mechanics','2015','Mathews P M','550','0',NULL,NULL,NULL,NULL),(988,'Textbook of Quantum Mechanics','2015','Mathews P M','550','0',NULL,NULL,NULL,NULL),(989,'Textbook of Quantum Mechanics','2015','Mathews P M','550','0',NULL,NULL,NULL,NULL),(990,'Textbook of Quantum Mechanics','2015','Mathews P M','550','0',NULL,NULL,NULL,NULL),(991,'Textbook of Quantum Mechanics','2015','Mathews P M','550','0',NULL,NULL,NULL,NULL),(992,'Textbook of Quantum Mechanics','2015','Mathews P M','550','0',NULL,NULL,NULL,NULL),(993,'Textbook of Quantum Mechanics','2015','Mathews P M','550','0',NULL,NULL,NULL,NULL),(994,'Textbook of Quantum Mechanics','2015','Mathews P M','550','0',NULL,NULL,NULL,NULL),(995,'Textbook of Quantum Mechanics','2015','Mathews P M','550','0',NULL,NULL,NULL,NULL),(996,'Quantum Mechanics','2014','Schiff I Leonard','699','0',NULL,NULL,NULL,NULL),(997,'Quantum Mechanics','2014','Schiff I Leonard','699','0',NULL,NULL,NULL,NULL),(998,'Distributed Systems:  Concepts & Design','2015','Coulouris Georgae','879','0',NULL,NULL,NULL,NULL),(999,'Distributed Systems:  Concepts & Design','2015','Coulouris Georgae','879','0',NULL,NULL,NULL,NULL),(1000,'Distributed Systems:  Concepts & Design','2015','Coulouris Georgae','879','0',NULL,NULL,NULL,NULL),(1001,'Distributed Systems:  Concepts & Design','2015','Coulouris Georgae','879','0',NULL,NULL,NULL,NULL),(1002,'Distributed Systems:  Concepts & Design','2015','Coulouris Georgae','879','0',NULL,NULL,NULL,NULL),(1003,'Distributed Systems:  Concepts & Design','2015','Coulouris Georgae','879','0',NULL,NULL,NULL,NULL),(1004,'Distributed Systems:  Concepts & Design','2015','Coulouris Georgae','879','0',NULL,NULL,NULL,NULL),(1005,'Distributed Computing: Principles and Applica','2008','Liu M.L.','619','0',NULL,NULL,NULL,NULL),(1006,'Distributed Computing: Principles and Applica','2008','Liu M.L.','619','0',NULL,NULL,NULL,NULL),(1007,'Distributed Computing: Principles and Applica','2008','Liu M.L.','619','0',NULL,NULL,NULL,NULL),(1008,'Physics','2014','Halliday','709','0',NULL,NULL,NULL,NULL),(1009,'Physics','2014','Halliday','709','0',NULL,NULL,NULL,NULL),(1010,'Physics','2014','Halliday','709','0',NULL,NULL,NULL,NULL),(1011,'Linear algebra','2000','Rao  Ramachandra','400','0',NULL,NULL,NULL,NULL),(1012,'Linear algebra','2000','Rao  Ramachandra','400','0',NULL,NULL,NULL,NULL),(1013,'Linear algebra','2000','Rao  Ramachandra','400','0',NULL,NULL,NULL,NULL),(1014,'Linear algebra','2000','Rao  Ramachandra','400','0',NULL,NULL,NULL,NULL),(1015,'\"Foundation of Statistical Natural Language P',' Manning\"','Christopher C.D Manning','1999','6860',NULL,NULL,NULL,NULL),(1016,'\"Foundation of Statistical Natural Language P',' Manning\"','Christopher C.D Manning','1999','6860',NULL,NULL,NULL,NULL),(1017,'\"Foundation of Statistical Natural Language P',' Manning\"','Christopher C.D Manning','1999','6860',NULL,NULL,NULL,NULL),(1018,'\"Foundation of Statistical Natural Language P',' Manning\"','Christopher C.D Manning','1999','6860',NULL,NULL,NULL,NULL),(1019,'A First course in Artifitial Intelligence','2013','Khemani Deepak','575','0',NULL,NULL,NULL,NULL),(1020,'A First course in Artifitial Intelligence','2013','Khemani Deepak','575','0',NULL,NULL,NULL,NULL),(1021,'A First course in Artifitial Intelligence','2013','Khemani Deepak','575','0',NULL,NULL,NULL,NULL),(1022,'A First course in Artifitial Intelligence','2013','Khemani Deepak','575','0',NULL,NULL,NULL,NULL),(1023,'A First course in Artifitial Intelligence','2013','Khemani Deepak','575','0',NULL,NULL,NULL,NULL),(1024,'A First course in Artifitial Intelligence','2013','Khemani Deepak','575','0',NULL,NULL,NULL,NULL),(1025,'A First course in Artifitial Intelligence','2013','Khemani Deepak','575','0',NULL,NULL,NULL,NULL),(1026,'Distributed Computing: Principles and Applica','2008','Liu M.L.','619','0',NULL,NULL,NULL,NULL),(1027,'Distributed Computing: Principles and Applica','2008','Liu M.L.','619','0',NULL,NULL,NULL,NULL),(1028,'distribute','2008','Liu M.L.','619','0',NULL,NULL,NULL,NULL),(1029,'Artifitial Intelligence','2016','Russell Stuart j.','799','0',NULL,NULL,NULL,NULL),(1030,'Artifitial Intelligence','2016','Russell Stuart j.','799','0',NULL,NULL,NULL,NULL),(1031,'Artifitial Intelligence','2016','Russell Stuart j.','799','0',NULL,NULL,NULL,NULL),(1032,'Artifitial Intelligence','2016','Russell Stuart j.','799','0',NULL,NULL,NULL,NULL),(1033,'Artifitial Intelligence','2016','Russell Stuart j.','799','0',NULL,NULL,NULL,NULL),(1034,'Artifitial Intelligence','2016','Russell Stuart j.','799','0',NULL,NULL,NULL,NULL),(1035,'Artifitial Intelligence','2016','Russell Stuart j.','799','0',NULL,NULL,NULL,NULL),(1036,'Artifitial Intelligence','2016','Russell Stuart j.','799','0',NULL,NULL,NULL,NULL),(1037,'Artifitial Intelligence','2016','Russell Stuart j.','799','0',NULL,NULL,NULL,NULL),(1038,'Artifitial Intelligence','2016','Russell Stuart j.','799','0',NULL,NULL,NULL,NULL),(1039,'A  Practical Introducion to Phonetics','2010','Catford J.C.','24','0',NULL,NULL,NULL,NULL),(1040,'\"Distributed Computing : Principles',' algorithms and systems\"','Kshemakalyani Ajay D.','2015','795',NULL,NULL,NULL,NULL),(1041,'\"Distributed Computing : Principles',' algorithms and systems\"','Kshemakalyani Ajay D.','2015','795',NULL,NULL,NULL,NULL),(1042,'\"Distributed Computing : Principles',' algorithms and systems\"','Kshemakalyani Ajay D.','2015','795',NULL,NULL,NULL,NULL),(1043,'Programming Language Pragmatics','2014','Scott Michael. L','625','0',NULL,NULL,NULL,NULL),(1044,'Programming Language Pragmatics','2014','Scott Michael. L','625','0',NULL,NULL,NULL,NULL),(1045,'Programming Language Pragmatics','2014','Scott Michael. L','625','0',NULL,NULL,NULL,NULL),(1046,'Distributed systems: Principles and Paradigms','2016','Tanenbaum Andrew S.','529','0',NULL,NULL,NULL,NULL),(1047,'Distributed systems: Principles and Paradigms','2016','Tanenbaum Andrew S.','529','0',NULL,NULL,NULL,NULL),(1048,'Distributed systems: Principles and Paradigms','2016','Tanenbaum Andrew S.','529','0',NULL,NULL,NULL,NULL),(1049,'Physics','2014','Halliday','709','0',NULL,NULL,NULL,NULL),(1050,'Physics','2014','Halliday','709','0',NULL,NULL,NULL,NULL),(1051,'Physics','2014','Halliday','709','0',NULL,NULL,NULL,NULL),(1052,'Physics','2014','Halliday','709','0',NULL,NULL,NULL,NULL),(1053,'Physics','2014','Halliday','709','0',NULL,NULL,NULL,NULL),(1054,'Physics','2014','Halliday','709','0',NULL,NULL,NULL,NULL),(1055,'Physics','2014','Halliday','709','0',NULL,NULL,NULL,NULL),(1056,'Physics','2014','Halliday','709','0',NULL,NULL,NULL,NULL),(1057,'Physics','2014','Halliday','709','0',NULL,NULL,NULL,NULL),(1058,'Physics','2014','Halliday','709','0',NULL,NULL,NULL,NULL),(1059,'Physics','2014','Halliday','709','0',NULL,NULL,NULL,NULL),(1060,'Acoustic theory of speech Production','1970','Gruyter DE','75.3','0',NULL,NULL,NULL,NULL),(1061,'A First Course in Probability','2014','Ross Sheldon','699','0',NULL,NULL,NULL,NULL),(1062,'A First Course in Probability','2014','Ross Sheldon','699','0',NULL,NULL,NULL,NULL),(1063,'A First Course in Probability','2014','Ross Sheldon','699','0',NULL,NULL,NULL,NULL),(1064,'A First Course in Probability','2014','Ross Sheldon','699','0',NULL,NULL,NULL,NULL),(1065,'A First Course in Probability','2014','Ross Sheldon','699','0',NULL,NULL,NULL,NULL),(1066,'Pattern Recognition and Machine Learning','2015','Bishop Christopher M.','1695','0',NULL,NULL,NULL,NULL),(1067,'Linear Algebra and its applications','2014','Strang Gilbert','425','0',NULL,NULL,NULL,NULL),(1068,'Linear Algebra and its applications','2014','Strang Gilbert','425','0',NULL,NULL,NULL,NULL),(1069,'Linear Algebra and its applications','2014','Strang Gilbert','425','0',NULL,NULL,NULL,NULL),(1070,'Linear Algebra and its applications','2014','Strang Gilbert','425','0',NULL,NULL,NULL,NULL),(1071,'Linear Algebra and its applications','2014','Strang Gilbert','425','0',NULL,NULL,NULL,NULL),(1072,'Practical Foundations for Programming Languag','2013','Harper Robert','5856','0',NULL,NULL,NULL,NULL),(1073,'Probability & Random Process','2013','Grimmett Geoffrey','3529','0',NULL,NULL,NULL,NULL),(1074,'Principles of Economics','2013','Dwivedi D N','550','0',NULL,NULL,NULL,NULL),(1075,'Principles of Economics','2013','Dwivedi D N','550','0',NULL,NULL,NULL,NULL),(1076,'Principles of Economics','2013','Dwivedi D N','550','0',NULL,NULL,NULL,NULL),(1077,'Principles of Economics','2013','Dwivedi D N','550','0',NULL,NULL,NULL,NULL),(1078,'Principles of Economics','2013','Dwivedi D N','550','0',NULL,NULL,NULL,NULL),(1079,'Principles of Economics','2015','Amit Kumar Upandhyay','149','0',NULL,NULL,NULL,NULL),(1080,'Principles of Economics','2015','Amit Kumar Upandhyay','149','0',NULL,NULL,NULL,NULL),(1081,'Principles of Economics','2015','Amit Kumar Upandhyay','149','0',NULL,NULL,NULL,NULL),(1082,'Principles of Economics','2015','Amit Kumar Upandhyay','149','0',NULL,NULL,NULL,NULL),(1083,'Principles of Economics','2015','Amit Kumar Upandhyay','149','0',NULL,NULL,NULL,NULL),(1084,'Speech Processing : A Dynamic and Optimizatio','2003','Deng L I','175','0',NULL,NULL,NULL,NULL),(1085,'Textbook of Quantum Mechanics','2015','Mathews P M','575','0',NULL,NULL,NULL,NULL),(1086,'Quantum Mechanics','2014','Schiff I Leonard','725','0',NULL,NULL,NULL,NULL),(1087,'Quantum Mechanics','2014','Schiff I Leonard','725','0',NULL,NULL,NULL,NULL),(1088,'Quantum Mechanics','2014','Schiff I Leonard','725','0',NULL,NULL,NULL,NULL),(1089,'Quantum Mechanics','2014','Schiff I Leonard','725','0',NULL,NULL,NULL,NULL),(1090,'Quantum Mechanics','2014','Schiff I Leonard','725','0',NULL,NULL,NULL,NULL),(1091,'Classical Mechanics','2014','Goldstein  Herbert','725','0',NULL,NULL,NULL,NULL),(1092,'Classical Mechanics','2014','Goldstein  Herbert','725','0',NULL,NULL,NULL,NULL),(1093,'Classical Mechanics','2014','Goldstein  Herbert','725','0',NULL,NULL,NULL,NULL),(1094,'Classical Mechanics','2014','Goldstein  Herbert','725','0',NULL,NULL,NULL,NULL),(1095,'Classical Mechanics','2014','Goldstein  Herbert','725','0',NULL,NULL,NULL,NULL),(1096,'Classical Mechanics','2014','Goldstein  Herbert','725','0',NULL,NULL,NULL,NULL),(1097,'Classical Mechanics','2014','Goldstein  Herbert','725','0',NULL,NULL,NULL,NULL),(1098,'Digital Processing of speech signal','2015','Rabiner Lawrence','699','0',NULL,NULL,NULL,NULL),(1099,'Digital Processing of speech signal','2015','Rabiner Lawrence','699','0',NULL,NULL,NULL,NULL),(1100,'Digital Processing of speech signal','2015','Rabiner Lawrence','699','0',NULL,NULL,NULL,NULL),(1101,'Speech analysis Sythesis and Perception','1972','Flanagan.J.L','79.99','0',NULL,NULL,NULL,NULL),(1102,'Vehicular Networking','2015','Sommer Christoph','6742','0',NULL,NULL,NULL,NULL),(1103,'A Course in Phonetics','2012','Ladefoged Peter','495','0',NULL,NULL,NULL,NULL),(1104,'A Course in Phonetics','2012','Ladefoged Peter','495','0',NULL,NULL,NULL,NULL),(1105,'A Course in Phonetics','2012','Ladefoged Peter','495','0',NULL,NULL,NULL,NULL),(1106,'A Course in Phonetics','2012','Ladefoged Peter','495','0',NULL,NULL,NULL,NULL),(1107,'A Course in Phonetics','2012','Ladefoged Peter','495','0',NULL,NULL,NULL,NULL),(1108,'Essentials of Programming languages','2008','Friedman Daniel P.','325','0',NULL,NULL,NULL,NULL),(1109,'Essentials of Programming languages','2008','Friedman Daniel P.','325','0',NULL,NULL,NULL,NULL),(1110,'Essentials of Programming languages','2008','Friedman Daniel P.','325','0',NULL,NULL,NULL,NULL),(1111,'Distributed and Cloud Computing : From parall','2015','Hwang Kai','610','0',NULL,NULL,NULL,NULL),(1112,'Distributed and Cloud Computing : From parall','2015','Hwang Kai','610','0',NULL,NULL,NULL,NULL),(1113,'Distributed and Cloud Computing : From parall','2015','Hwang Kai','610','0',NULL,NULL,NULL,NULL),(1114,'Practical Foundations for Programming Languag','2013','Harper Robert','5856','0',NULL,NULL,NULL,NULL),(1115,'How to Design Programs : An Introduction to p','2001','Matthais','6203','0',NULL,NULL,NULL,NULL),(1116,'Oxford Word skills- Idioms and Phrasal Verbs','2015','Grains Ruth','345','0',NULL,NULL,NULL,NULL),(1117,'Oxford Phrasal Verbs (dictionary for learners','2013','Grains Ruth','275','0',NULL,NULL,NULL,NULL),(1118,'Oxford Phrasal Verbs (dictionary for learners','2013','Grains Ruth','275','0',NULL,NULL,NULL,NULL),(1119,'Oxford Idioms (Dictionary for learners of eng','2016','Grains Ruth','325','0',NULL,NULL,NULL,NULL),(1120,'Oxford Idioms (Dictionary for learners of eng','2016','Grains Ruth','325','0',NULL,NULL,NULL,NULL),(1121,'R.S.V.P Reading','1989','Lewis Norman','95','0',NULL,NULL,NULL,NULL),(1122,'R.S.V.P Reading','1989','Lewis Norman','95','0',NULL,NULL,NULL,NULL),(1123,'Oxford Thesaurus of current english','2006','Waite Maurice','210','0',NULL,NULL,NULL,NULL),(1124,'Oxford Thesaurus of current english','2006','Waite Maurice','210','0',NULL,NULL,NULL,NULL),(1125,'Speeches that changed the world','2015','Quercus','899','0',NULL,NULL,NULL,NULL),(1126,'Practical English Usage','2015','Swan Michael','450','0',NULL,NULL,NULL,NULL),(1127,'Visual Complex Analysis','2012','Needham Tristan','4181','0',NULL,NULL,NULL,NULL),(1128,'Dense Imagecorrespondence for computer vision','2016','Hassner Tal','5759','0',NULL,NULL,NULL,NULL),(1129,'Verilog HDL: A Guide to digital Design and Sy','2016','Palnitkar.s','525','0',NULL,NULL,NULL,NULL),(1130,'Verilog HDL: A Guide to digital Design and Sy','2016','Palnitkar.s','525','0',NULL,NULL,NULL,NULL),(1131,'VHDL Primer','2016','Bhasker.J','299','0',NULL,NULL,NULL,NULL),(1132,'VHDL Primer','2016','Bhasker.J','299','0',NULL,NULL,NULL,NULL),(1133,'Digital Design: With an Introduction to the V','2013','Mano Morris .M','599','0',NULL,NULL,NULL,NULL),(1134,'Digital Design: With an Introduction to the V','2013','Mano Morris .M','599','0',NULL,NULL,NULL,NULL),(1135,'Digital Design: With an Introduction to the V','2013','Mano Morris .M','599','0',NULL,NULL,NULL,NULL),(1136,'Digital Design: With an Introduction to the V','2013','Mano Morris .M','599','0',NULL,NULL,NULL,NULL),(1137,'Digital Design: With an Introduction to the V','2013','Mano Morris .M','599','0',NULL,NULL,NULL,NULL),(1138,'Discrete mathematics and it\'s applications','2014','Rosen H. Kenneth','699','0',NULL,NULL,NULL,NULL),(1139,'Discrete mathematics and it\'s applications','2014','Rosen H. Kenneth','700','0',NULL,NULL,NULL,NULL),(1140,'\"OFDM and MC-CDMA for broadband multi-user co',' WLANS and boardcasting\"','Hanzo.L','2004','700',NULL,NULL,NULL,NULL),(1141,'Inforamtion theory and coding','2015','Goyal Varun','265','0',NULL,NULL,NULL,NULL),(1142,'Information theory and coding: a Conceptual a','2014','Chitode J.S','415','0',NULL,NULL,NULL,NULL),(1143,'3G Wireless with WiMAX and Wi-Fi : 802.16 and','2004','Smith clint','415','0',NULL,NULL,NULL,NULL),(1144,'Fundamentsls of software engineering','2003','Ghezzi carlo','415','0',NULL,NULL,NULL,NULL),(1145,'Coginitive Radio and it\'s applications for ne','2012','Hrishikesh Venkataraman','415','0',NULL,NULL,NULL,NULL),(1146,'Kennedy\'s Electronics communication Systems','1999','Kennedy Devis','415','0',NULL,NULL,NULL,NULL),(1147,'Data Networks','2000','Bertsekas Dimitri','415','0',NULL,NULL,NULL,NULL),(1148,'Computer Networks','1995','Tanenbaum S. Andrew','415','0',NULL,NULL,NULL,NULL),(1149,'Logman Dictionary of Common errors','2015','Turton ND','415','0',NULL,NULL,NULL,NULL),(1150,'Basic English Usgae','2013','Swan Michael','415','0',NULL,NULL,NULL,NULL),(1151,'\"Computer Vision - ACCV 2006 : 7th Asian Conf',' India','Narayan P.J',' January 2006 Proceedings',' Part 1\"',NULL,NULL,NULL,NULL),(1152,'\"Computer Vision - ACCV 2006 : 7th Asian Conf',' India','Narayan P.J',' January 2006 Proceedings',' Part 1\"',NULL,NULL,NULL,NULL),(1153,'\"Computer Vision - ACCV 2006 : 7th Asian Conf',' India','Narayan P.J',' January 2006 Proceedings',' Part 2\"',NULL,NULL,NULL,NULL),(1154,'\"Computer Vision - ACCV 2006 : 7th Asian Conf',' India','Narayan P.J',' January 2006 Proceedings',' Part 2\"',NULL,NULL,NULL,NULL),(1155,'\"Computer Vision-ACCV 2014 Workshops : singap',' singapore','Jawahar C. V',' November 1-2','2014 Revised selected papers',NULL,NULL,NULL,NULL),(1156,'\"Computer Vision-ACCV 2014 Workshops : singap',' singapore','Jawahar C. V',' November 1-2','2014 Revised selected papers',NULL,NULL,NULL,NULL),(1157,'\"Computer Vision-ACCV 2014 Workshops : singap',' singapore','Jawahar C. V',' November 1-2','2014 Revised selected papers',NULL,NULL,NULL,NULL),(1158,'\"Computer Vision-ACCV 2014 Workshops : singap',' singapore','Jawahar C. V',' November 1-2','2014 Revised selected papers',NULL,NULL,NULL,NULL),(1159,'\"Computer Vision-ACCV 2014 Workshops : singap',' singapore','Jawahar C. V',' November 1-2','2014 Revised selected papers',NULL,NULL,NULL,NULL),(1160,'\"Computer Vision-ACCV 2014 Workshops : singap',' singapore','Jawahar C. V',' November 1-2','2014 Revised selected papers',NULL,NULL,NULL,NULL),(1161,'Introduction to Languages and the theory of c','2011','Martin C John','415','0',NULL,NULL,NULL,NULL),(1162,'Introduction to Languages and the theory of c','2011','Martin C John','415','0',NULL,NULL,NULL,NULL),(1163,'Economics for people and Earth : the Aurovill','2013','Henk Thomas','415','0',NULL,NULL,NULL,NULL),(1164,'A Text book of Probability','2011','Sinha.K.C','415','0',NULL,NULL,NULL,NULL),(1165,'Digital Design: With an Introduction to the V','2015','Mano Morris .M','599','0',NULL,NULL,NULL,NULL),(1166,'Digital Design: With an Introduction to the V','2015','Mano Morris .M','599','0',NULL,NULL,NULL,NULL),(1167,'Digital Design: With an Introduction to the V','2015','Mano Morris .M','599','0',NULL,NULL,NULL,NULL),(1168,'Digital Design: With an Introduction to the V','2015','Mano Morris .M','599','0',NULL,NULL,NULL,NULL),(1169,'Digital Design: With an Introduction to the V','2015','Mano Morris .M','599','0',NULL,NULL,NULL,NULL),(1170,'Digital Design: With an Introduction to the V','2015','Mano Morris .M','599','0',NULL,NULL,NULL,NULL),(1171,'Digital Design: With an Introduction to the V','2015','Mano Morris .M','599','0',NULL,NULL,NULL,NULL),(1172,'Digital Design: With an Introduction to the V','2015','Mano Morris .M','599','0',NULL,NULL,NULL,NULL),(1173,'Digital Design:Principles and Practices','2013','Wakerly John F.','749','0',NULL,NULL,NULL,NULL),(1174,'Digital Design:Principles and Practices','2013','Wakerly John F.','749','0',NULL,NULL,NULL,NULL),(1175,'Digital Design:Principles and Practices','2013','Wakerly John F.','749','0',NULL,NULL,NULL,NULL),(1176,'Digital Design:Principles and Practices','2013','Wakerly John F.','749','0',NULL,NULL,NULL,NULL),(1177,'Digital Design:Principles and Practices','2013','Wakerly John F.','749','0',NULL,NULL,NULL,NULL),(1178,'Digital Logic and Computer Design','2013','Mano Morris .M','659','0',NULL,NULL,NULL,NULL),(1179,'Digital Logic and Computer Design','2013','Mano Morris .M','659','0',NULL,NULL,NULL,NULL),(1180,'Digital Logic and Computer Design','2013','Mano Morris .M','659','0',NULL,NULL,NULL,NULL),(1181,'Computer Science: A Structured programmin app','2014','Forouzan S. Behrouz','575','0',NULL,NULL,NULL,NULL),(1182,'Computer Science: A Structured programmin app','2014','Forouzan S. Behrouz','575','0',NULL,NULL,NULL,NULL),(1183,'Computer Science: A Structured programmin app','2014','Forouzan S. Behrouz','575','0',NULL,NULL,NULL,NULL),(1184,'Computer Science: A Structured programmin app','2014','Forouzan S. Behrouz','575','0',NULL,NULL,NULL,NULL),(1185,'Computer Science: A Structured programmin app','2014','Forouzan S. Behrouz','575','0',NULL,NULL,NULL,NULL),(1186,'Computer Science: A Structured programmin app','2014','Forouzan S. Behrouz','575','0',NULL,NULL,NULL,NULL),(1187,'Computer Science: A Structured programmin app','2014','Forouzan S. Behrouz','575','0',NULL,NULL,NULL,NULL),(1188,'Computer Science: A Structured programmin app','2014','Forouzan S. Behrouz','575','0',NULL,NULL,NULL,NULL),(1189,'The C Programming Language','2015','Kernighan W. Brain','299','0',NULL,NULL,NULL,NULL),(1190,'The C Programming Language','2015','Kernighan W. Brain','299','0',NULL,NULL,NULL,NULL),(1191,'The C Programming Language','2015','Kernighan W. Brain','299','0',NULL,NULL,NULL,NULL),(1192,'The C Programming Language','2015','Kernighan W. Brain','299','0',NULL,NULL,NULL,NULL),(1193,'The C Programming Language','2015','Kernighan W. Brain','299','0',NULL,NULL,NULL,NULL),(1194,'The C Programming Language','2015','Kernighan W. Brain','299','0',NULL,NULL,NULL,NULL),(1195,'The C Programming Language','2015','Kernighan W. Brain','299','0',NULL,NULL,NULL,NULL),(1196,'The C Programming Language','2015','Kernighan W. Brain','299','0',NULL,NULL,NULL,NULL),(1197,'C: The Complete reference','2015','Schildt Herbert','599','0',NULL,NULL,NULL,NULL),(1198,'C: The Complete reference','2015','Schildt Herbert','599','0',NULL,NULL,NULL,NULL),(1199,'C: The Complete reference','2015','Schildt Herbert','599','0',NULL,NULL,NULL,NULL),(1200,'C: The Complete reference','2015','Schildt Herbert','599','0',NULL,NULL,NULL,NULL),(1201,'C: The Complete reference','2015','Schildt Herbert','599','0',NULL,NULL,NULL,NULL),(1202,'C: The Complete reference','2015','Schildt Herbert','599','0',NULL,NULL,NULL,NULL),(1203,'C: The Complete reference','2015','Schildt Herbert','599','0',NULL,NULL,NULL,NULL),(1204,'C: The Complete reference','2015','Schildt Herbert','599','0',NULL,NULL,NULL,NULL),(1205,'C: The Complete reference','2015','Schildt Herbert','599','0',NULL,NULL,NULL,NULL),(1206,'Discrete mathematics and it\'s applications','2015','Rosen H. Kenneth','750','0',NULL,NULL,NULL,NULL),(1207,'Discrete mathematics and it\'s applications','2015','Rosen H. Kenneth','750','0',NULL,NULL,NULL,NULL),(1208,'Discrete mathematics and it\'s applications','2015','Rosen H. Kenneth','750','0',NULL,NULL,NULL,NULL),(1209,'Discrete mathematics and it\'s applications','2015','Rosen H. Kenneth','750','0',NULL,NULL,NULL,NULL),(1210,'Discrete mathematics and it\'s applications','2015','Rosen H. Kenneth','750','0',NULL,NULL,NULL,NULL),(1211,'Discrete mathematics and it\'s applications','2015','Rosen H. Kenneth','750','0',NULL,NULL,NULL,NULL),(1212,'Discrete mathematics and it\'s applications','2015','Rosen H. Kenneth','750','0',NULL,NULL,NULL,NULL),(1213,'Discrete mathematics and it\'s applications','2015','Rosen H. Kenneth','750','0',NULL,NULL,NULL,NULL),(1214,'Discrete mathematics and it\'s applications','2015','Rosen H. Kenneth','750','0',NULL,NULL,NULL,NULL),(1215,'Discrete mathematics and it\'s applications','2015','Rosen H. Kenneth','750','0',NULL,NULL,NULL,NULL),(1216,'Discrete mathematics and it\'s applications','2015','Rosen H. Kenneth','750','0',NULL,NULL,NULL,NULL),(1217,'Discrete mathematics and it\'s applications','2015','Rosen H. Kenneth','750','0',NULL,NULL,NULL,NULL),(1218,'Elements of Discrete Mathematics: A computer ','2015','Liu C L','499','0',NULL,NULL,NULL,NULL),(1219,'Elements of Discrete Mathematics: A computer ','2015','Liu C L','499','0',NULL,NULL,NULL,NULL),(1220,'Elements of Discrete Mathematics: A computer ','2015','Liu C L','499','0',NULL,NULL,NULL,NULL),(1221,'Engineering circuit Analysis','2015','Hayt H. William','699','0',NULL,NULL,NULL,NULL),(1222,'Engineering circuit Analysis','2015','Hayt H. William','699','0',NULL,NULL,NULL,NULL),(1223,'Circuits and Networks: Analysis and Syntesis','2015','Sudhakar A','525','0',NULL,NULL,NULL,NULL),(1224,'Circuits and Networks: Analysis and Syntesis','2015','Sudhakar A','525','0',NULL,NULL,NULL,NULL),(1225,'Circuits and Networks: Analysis and Syntesis','2015','Sudhakar A','525','0',NULL,NULL,NULL,NULL),(1226,'Circuits and Networks: Analysis and Syntesis','2015','Sudhakar A','525','0',NULL,NULL,NULL,NULL),(1227,'Circuits and Networks: Analysis and Syntesis','2015','Sudhakar A','525','0',NULL,NULL,NULL,NULL),(1228,'Circuits and Networks: Analysis and Syntesis','2015','Sudhakar A','525','0',NULL,NULL,NULL,NULL),(1229,'Circuits and Networks: Analysis and Syntesis','2015','Sudhakar A','525','0',NULL,NULL,NULL,NULL),(1230,'Circuits and Networks: Analysis and Syntesis','2015','Sudhakar A','525','0',NULL,NULL,NULL,NULL),(1231,'Circuits and Networks: Analysis and Syntesis','2015','Sudhakar A','525','0',NULL,NULL,NULL,NULL),(1232,'Circuits and Networks: Analysis and Syntesis','2015','Sudhakar A','525','0',NULL,NULL,NULL,NULL),(1233,'Circuits and Networks: Analysis and Syntesis','2015','Sudhakar A','525','0',NULL,NULL,NULL,NULL),(1234,'Circuits and Networks: Analysis and Syntesis','2015','Sudhakar A','525','0',NULL,NULL,NULL,NULL),(1235,'Circuits and Networks: Analysis and Syntesis','2015','Sudhakar A','525','0',NULL,NULL,NULL,NULL),(1236,'Algorithm Design','2015','Kleinberg Jon','829','0',NULL,NULL,NULL,NULL),(1237,'Algorithm Design','2015','Kleinberg Jon','829','0',NULL,NULL,NULL,NULL),(1238,'Algorithm Design','2015','Kleinberg Jon','829','0',NULL,NULL,NULL,NULL),(1239,'Introduction to algorithms','2009','Corman H. Thomas','995','0',NULL,NULL,NULL,NULL),(1240,'Introduction to algorithms','2009','Corman H. Thomas','995','0',NULL,NULL,NULL,NULL),(1241,'Introduction to algorithms','2009','Corman H. Thomas','995','0',NULL,NULL,NULL,NULL),(1242,'Introduction to algorithms','2009','Corman H. Thomas','995','0',NULL,NULL,NULL,NULL),(1243,'Fundamentals of Computer algorithms','2014','Horowitz Ellis','425','0',NULL,NULL,NULL,NULL),(1244,'Fundamentals of Computer algorithms','2014','Horowitz Ellis','425','0',NULL,NULL,NULL,NULL),(1245,'\"Digital signal Processing: Principles',' algorithms & Applications\"','Proakis G.John','2012','779',NULL,NULL,NULL,NULL),(1246,'\"Digital signal Processing: Principles',' algorithms & Applications\"','Proakis G.John','2012','779',NULL,NULL,NULL,NULL),(1247,'\"Digital signal Processing: Principles',' algorithms & Applications\"','Proakis G.John','2012','779',NULL,NULL,NULL,NULL),(1248,'\"Digital signal Processing: Principles',' algorithms & Applications\"','Proakis G.John','2012','779',NULL,NULL,NULL,NULL),(1249,'\"Digital signal Processing: Principles',' algorithms & Applications\"','Proakis G.John','2012','779',NULL,NULL,NULL,NULL),(1250,'Signals and systems','2016','Oppenheim V.Alan','599','0',NULL,NULL,NULL,NULL),(1251,'Signals and systems','2016','Oppenheim V.Alan','599','0',NULL,NULL,NULL,NULL),(1252,'Signals and systems','2016','Oppenheim V.Alan','599','0',NULL,NULL,NULL,NULL),(1253,'Signals and systems','2016','Oppenheim V.Alan','599','0',NULL,NULL,NULL,NULL),(1254,'Signals and systems','2016','Oppenheim V.Alan','599','0',NULL,NULL,NULL,NULL),(1255,'Digital Signal Processing','2015','Oppenheim V.Alan','240','0',NULL,NULL,NULL,NULL),(1256,'Digital Signal Processing','2015','Oppenheim V.Alan','240','0',NULL,NULL,NULL,NULL),(1257,'Digital Signal Processing','2015','Oppenheim V.Alan','240','0',NULL,NULL,NULL,NULL),(1258,'Digital Signal Processing','2015','Oppenheim V.Alan','240','0',NULL,NULL,NULL,NULL),(1259,'Digital Signal Processing','2015','Oppenheim V.Alan','240','0',NULL,NULL,NULL,NULL),(1260,'Analysis and Design of Analog Integrated Circ','2013','Gray','769','0',NULL,NULL,NULL,NULL),(1261,'Analysis and Design of Analog Integrated Circ','2013','Gray','769','0',NULL,NULL,NULL,NULL),(1262,'Analysis and Design of Analog Integrated Circ','2013','Gray','769','0',NULL,NULL,NULL,NULL),(1263,'Electronic Circuits : analysis and Design','2015','Neamon a.Donald','840','0',NULL,NULL,NULL,NULL),(1264,'Electronic Circuits : analysis and Design','2015','Neamon a.Donald','840','0',NULL,NULL,NULL,NULL),(1265,'Electronic Circuits : analysis and Design','2015','Neamon a.Donald','840','0',NULL,NULL,NULL,NULL),(1266,'Electronic Circuits : analysis and Design','2015','Neamon a.Donald','840','0',NULL,NULL,NULL,NULL),(1267,'Electronic Circuits : analysis and Design','2015','Neamon a.Donald','840','0',NULL,NULL,NULL,NULL),(1268,'Electronic Circuits : analysis and Design','2015','Neamon a.Donald','840','0',NULL,NULL,NULL,NULL),(1269,'Electronic Circuits : analysis and Design','2015','Neamon a.Donald','840','0',NULL,NULL,NULL,NULL),(1270,'Electronic Circuits : analysis and Design','2015','Neamon a.Donald','840','0',NULL,NULL,NULL,NULL),(1271,'Electronic Circuits : analysis and Design','2015','Neamon a.Donald','840','0',NULL,NULL,NULL,NULL),(1272,'Database System Concepts','2015','Silberschatz Abraham','850','0',NULL,NULL,NULL,NULL),(1273,'Database System Concepts','2015','Silberschatz Abraham','850','0',NULL,NULL,NULL,NULL),(1274,'Database System Concepts','2015','Silberschatz Abraham','850','0',NULL,NULL,NULL,NULL),(1275,'\"Database Systems: Models',' Languages','Elmasri Ramez',' Design and application Programming\"','2016',NULL,NULL,NULL,NULL),(1276,'\"Database Systems: Models',' Languages','Elmasri Ramez',' Design and application Programming\"','2016',NULL,NULL,NULL,NULL),(1277,'\"Database Systems: Models',' Languages','Elmasri Ramez',' Design and application Programming\"','2016',NULL,NULL,NULL,NULL),(1278,'\"Database Systems: Models',' Languages','Elmasri Ramez',' Design and application Programming\"','2016',NULL,NULL,NULL,NULL),(1279,'\"Database Systems: Models',' Languages','Elmasri Ramez',' Design and application Programming\"','2016',NULL,NULL,NULL,NULL),(1280,'\"Database Systems: Models',' Languages','Elmasri Ramez',' Design and application Programming\"','2016',NULL,NULL,NULL,NULL),(1281,'Introduction to Automat theory languages and ','2011','hopcroft E.John','699','0',NULL,NULL,NULL,NULL),(1282,'Introduction to Automat theory languages and ','2011','hopcroft E.John','699','0',NULL,NULL,NULL,NULL),(1283,'Introduction to Automat theory languages and ','2011','hopcroft E.John','699','0',NULL,NULL,NULL,NULL),(1284,'Introduction to Automat theory languages and ','2011','hopcroft E.John','699','0',NULL,NULL,NULL,NULL),(1285,'Introduction to Automat theory languages and ','2011','hopcroft E.John','699','0',NULL,NULL,NULL,NULL),(1286,'Introduction to Automat theory languages and ','2011','hopcroft E.John','699','0',NULL,NULL,NULL,NULL),(1287,'Introduction to The theory of Computation','2015','Sipser Michael','425','0',NULL,NULL,NULL,NULL),(1288,'Introduction to The theory of Computation','2015','Sipser Michael','425','0',NULL,NULL,NULL,NULL),(1289,'Introduction to The theory of Computation','2015','Sipser Michael','425','0',NULL,NULL,NULL,NULL),(1290,'Introduction to The theory of Computation','2015','Sipser Michael','425','0',NULL,NULL,NULL,NULL),(1291,'Introduction to The theory of Computation','2015','Sipser Michael','425','0',NULL,NULL,NULL,NULL),(1292,'Introduction to The theory of Computation','2015','Sipser Michael','425','0',NULL,NULL,NULL,NULL),(1293,'Introduction to The theory of Computation','2015','Sipser Michael','425','0',NULL,NULL,NULL,NULL),(1294,'Introduction to Languages and the theory of c','2015','Martin C John','595','0',NULL,NULL,NULL,NULL),(1295,'Introduction to Languages and the theory of c','2015','Martin C John','595','0',NULL,NULL,NULL,NULL),(1296,'Introduction to Languages and the theory of c','2015','Martin C John','595','0',NULL,NULL,NULL,NULL),(1297,'Embedded system Design: A Unified Hardware/ s','2014','Vahid Frank','539','0',NULL,NULL,NULL,NULL),(1298,'Embedded system Design: A Unified Hardware/ s','2014','Vahid Frank','539','0',NULL,NULL,NULL,NULL),(1299,'Embedded system Design: A Unified Hardware/ s','2014','Vahid Frank','539','0',NULL,NULL,NULL,NULL),(1300,'Embedded system Design: A Unified Hardware/ s','2014','Vahid Frank','539','0',NULL,NULL,NULL,NULL),(1301,'Embedded system Design: A Unified Hardware/ s','2014','Vahid Frank','539','0',NULL,NULL,NULL,NULL),(1302,'Embedded system Design: A Unified Hardware/ s','2014','Vahid Frank','539','0',NULL,NULL,NULL,NULL),(1303,'Embedded system Design: A Unified Hardware/ s','2014','Vahid Frank','539','0',NULL,NULL,NULL,NULL),(1304,'Embedded system Design: A Unified Hardware/ s','2014','Vahid Frank','539','0',NULL,NULL,NULL,NULL),(1305,'Embedded Microcomputer systems Real time inte','2013','Valvano W.Jonathan','510','0',NULL,NULL,NULL,NULL),(1306,'Embedded Microcomputer systems Real time inte','2013','Valvano W.Jonathan','510','0',NULL,NULL,NULL,NULL),(1307,'Embedded Microcomputer systems Real time inte','2013','Valvano W.Jonathan','510','0',NULL,NULL,NULL,NULL),(1308,'Embedded Microcomputer systems Real time inte','2013','Valvano W.Jonathan','510','0',NULL,NULL,NULL,NULL),(1309,'Embedded Microcomputer systems Real time inte','2013','Valvano W.Jonathan','510','0',NULL,NULL,NULL,NULL),(1310,'Embedded Microcomputer systems Real time inte','2013','Valvano W.Jonathan','510','0',NULL,NULL,NULL,NULL),(1311,'Embedded Microcomputer systems Real time inte','2013','Valvano W.Jonathan','510','0',NULL,NULL,NULL,NULL),(1312,'Embedded Microcomputer systems Real time inte','2013','Valvano W.Jonathan','510','0',NULL,NULL,NULL,NULL),(1313,'Probability Random Variables and Stochastic p','2015','Papoulis Athanasios','695','0',NULL,NULL,NULL,NULL),(1314,'Probability Random Variables and Stochastic p','2015','Papoulis Athanasios','695','0',NULL,NULL,NULL,NULL),(1315,'Probability Random Variables and Stochastic p','2015','Papoulis Athanasios','695','0',NULL,NULL,NULL,NULL),(1316,'Probability Random Variables and Stochastic p','2015','Papoulis Athanasios','695','0',NULL,NULL,NULL,NULL),(1317,'Probability Random Variables and Stochastic p','2015','Papoulis Athanasios','695','0',NULL,NULL,NULL,NULL),(1318,'Modern Digital and analog Communication','2016','Lathi B.P','650','0',NULL,NULL,NULL,NULL),(1319,'Modern Digital and analog Communication','2016','Lathi B.P','650','0',NULL,NULL,NULL,NULL),(1320,'Modern Digital and analog Communication','2016','Lathi B.P','650','0',NULL,NULL,NULL,NULL),(1321,'Modern Digital and analog Communication','2016','Lathi B.P','650','0',NULL,NULL,NULL,NULL),(1322,'Modern Digital and analog Communication','2016','Lathi B.P','650','0',NULL,NULL,NULL,NULL),(1323,'Modern Digital and analog Communication','2016','Lathi B.P','650','0',NULL,NULL,NULL,NULL),(1324,'Modern Digital and analog Communication','2016','Lathi B.P','650','0',NULL,NULL,NULL,NULL),(1325,'Modern Digital and analog Communication','2016','Lathi B.P','650','0',NULL,NULL,NULL,NULL),(1326,'Modern Digital and analog Communication','2016','Lathi B.P','650','0',NULL,NULL,NULL,NULL),(1327,'Modern Digital and analog Communication','2016','Lathi B.P','650','0',NULL,NULL,NULL,NULL),(1328,'Modern Digital and analog Communication','2016','Lathi B.P','650','0',NULL,NULL,NULL,NULL),(1329,'Modern Digital and analog Communication','2016','Lathi B.P','650','0',NULL,NULL,NULL,NULL),(1330,'Introduction to Analog & Digital Communicatio','2013','Haykin Simon','599','0',NULL,NULL,NULL,NULL),(1331,'Introduction to Analog & Digital Communicatio','2013','Haykin Simon','599','0',NULL,NULL,NULL,NULL),(1332,'Introduction to Analog & Digital Communicatio','2013','Haykin Simon','599','0',NULL,NULL,NULL,NULL),(1333,'Introduction to Analog & Digital Communicatio','2013','Haykin Simon','599','0',NULL,NULL,NULL,NULL),(1334,'Introduction to Analog & Digital Communicatio','2013','Haykin Simon','599','0',NULL,NULL,NULL,NULL),(1335,'Introduction to Analog & Digital Communicatio','2013','Haykin Simon','599','0',NULL,NULL,NULL,NULL),(1336,'Introduction to Analog & Digital Communicatio','2013','Haykin Simon','599','0',NULL,NULL,NULL,NULL),(1337,'analog and digital','2013','Haykin Simon','599','0',NULL,NULL,NULL,NULL),(1338,'Computer Graphics: C Version','2014','Hearn d. Donald','899','0',NULL,NULL,NULL,NULL),(1339,'Computer Graphics: C Version','2014','Hearn d. Donald','899','0',NULL,NULL,NULL,NULL),(1340,'Computer Graphics: C Version','2014','Hearn d. Donald','899','0',NULL,NULL,NULL,NULL),(1341,'Computer Graphics: C Version','2014','Hearn d. Donald','899','0',NULL,NULL,NULL,NULL),(1342,'Computer Graphics: C Version','2014','Hearn d. Donald','899','0',NULL,NULL,NULL,NULL),(1343,'Computer Graphics: C Version','2014','Hearn d. Donald','899','0',NULL,NULL,NULL,NULL),(1344,'Computer Graphics: C Version','2014','Hearn d. Donald','899','0',NULL,NULL,NULL,NULL),(1345,'Computer Graphics: C Version','2014','Hearn d. Donald','899','0',NULL,NULL,NULL,NULL),(1346,'Computer Graphics: C Version','2014','Hearn d. Donald','899','0',NULL,NULL,NULL,NULL),(1347,'Computer Graphics: C Version','2014','Hearn d. Donald','899','0',NULL,NULL,NULL,NULL),(1348,'Human-Computer Interaction','2008','Dix Alan','839','0',NULL,NULL,NULL,NULL),(1349,'Human-Computer Interaction','2008','Dix Alan','839','0',NULL,NULL,NULL,NULL),(1350,'Human-Computer Interaction','2008','Dix Alan','839','0',NULL,NULL,NULL,NULL),(1351,'Human-Computer Interaction','2008','Dix Alan','839','0',NULL,NULL,NULL,NULL),(1352,'Human-Computer Interaction','2008','Dix Alan','839','0',NULL,NULL,NULL,NULL),(1353,'Human-Computer Interaction','2008','Dix Alan','839','0',NULL,NULL,NULL,NULL),(1354,'Human-Computer Interaction','2008','Dix Alan','839','0',NULL,NULL,NULL,NULL),(1355,'Human-Computer Interaction','2008','Dix Alan','839','0',NULL,NULL,NULL,NULL),(1356,'Human-Computer Interaction','2008','Dix Alan','839','0',NULL,NULL,NULL,NULL),(1357,'Human-Computer Interaction','2008','Dix Alan','839','0',NULL,NULL,NULL,NULL),(1358,'Semiconductor Devices Physics and Technology','2012','SZE S.M','699','0',NULL,NULL,NULL,NULL),(1359,'Principles of electromagnetics','2016','Sadiku Matthew N.O.','675','0',NULL,NULL,NULL,NULL),(1360,'Principles of electromagnetics','2016','Sadiku Matthew N.O.','675','0',NULL,NULL,NULL,NULL),(1361,'Principles of electromagnetics','2016','Sadiku Matthew N.O.','675','0',NULL,NULL,NULL,NULL),(1362,'Principles of electromagnetics','2016','Sadiku Matthew N.O.','675','0',NULL,NULL,NULL,NULL),(1363,'Discrete and Combinatorial Mathematics','2014','Grimaldi Ralph P.','849','0',NULL,NULL,NULL,NULL),(1364,'Discrete and Combinatorial Mathematics','2014','Grimaldi Ralph P.','849','0',NULL,NULL,NULL,NULL),(1365,'Discrete and Combinatorial Mathematics','2014','Grimaldi Ralph P.','849','0',NULL,NULL,NULL,NULL),(1366,'Discrete and Combinatorial Mathematics','2014','Grimaldi Ralph P.','849','0',NULL,NULL,NULL,NULL),(1367,'Discrete and Combinatorial Mathematics','2014','Grimaldi Ralph P.','849','0',NULL,NULL,NULL,NULL),(1368,'Introduction to Digital signal Processing','2016','Johnny R. Johnson','399','0',NULL,NULL,NULL,NULL),(1369,'Introduction to Digital signal Processing','2016','Johnny R. Johnson','399','0',NULL,NULL,NULL,NULL),(1370,'Introduction to Digital signal Processing','2016','Johnny R. Johnson','399','0',NULL,NULL,NULL,NULL),(1371,'Introduction to Digital signal Processing','2016','Johnny R. Johnson','399','0',NULL,NULL,NULL,NULL),(1372,'Introduction to Digital signal Processing','2016','Johnny R. Johnson','399','0',NULL,NULL,NULL,NULL),(1373,'\"Embedded Linux: Hardware',' software and interfacing\"','Hollabaugh Craig','2014','549',NULL,NULL,NULL,NULL),(1374,'\"Embedded Linux: Hardware',' software and interfacing\"','Hollabaugh Craig','2014','549',NULL,NULL,NULL,NULL),(1375,'\"Embedded Linux: Hardware',' software and interfacing\"','Hollabaugh Craig','2014','549',NULL,NULL,NULL,NULL),(1376,'Signals and systems','2014','Haykin Simon','769','0',NULL,NULL,NULL,NULL),(1377,'Signals and systems','2014','Haykin Simon','769','0',NULL,NULL,NULL,NULL),(1378,'Signals and systems','2014','Haykin Simon','769','0',NULL,NULL,NULL,NULL),(1379,'Signals and systems','2014','Haykin Simon','769','0',NULL,NULL,NULL,NULL),(1380,'Signals and systems','2014','Haykin Simon','769','0',NULL,NULL,NULL,NULL),(1381,'\"Theory and application of Digital signal Pro',' algorithms & Applications\"','Rabiner.R Lawrence','2016','609',NULL,NULL,NULL,NULL),(1382,'\"Theory and application of Digital signal Pro',' algorithms & Applications\"','Rabiner.R Lawrence','2016','609',NULL,NULL,NULL,NULL),(1383,'\"Theory and application of Digital signal Pro',' algorithms & Applications\"','Rabiner.R Lawrence','2016','609',NULL,NULL,NULL,NULL),(1384,'\"Theory and application of Digital signal Pro',' algorithms & Applications\"','Rabiner.R Lawrence','2016','609',NULL,NULL,NULL,NULL),(1385,'\"Theory and application of Digital signal Pro',' algorithms & Applications\"','Rabiner.R Lawrence','2016','609',NULL,NULL,NULL,NULL),(1386,'Elements of Information Theory','2015','Cover Thomas M.','629','0',NULL,NULL,NULL,NULL),(1387,'Elements of Information Theory','2015','Cover Thomas M.','629','0',NULL,NULL,NULL,NULL),(1388,'Elements of Information Theory','2015','Cover Thomas M.','629','0',NULL,NULL,NULL,NULL),(1389,'Elements of Information Theory','2015','Cover Thomas M.','629','0',NULL,NULL,NULL,NULL),(1390,'Elements of Information Theory','2015','Cover Thomas M.','629','0',NULL,NULL,NULL,NULL),(1391,'Fundamentals of software Engineering','2015','Ghezzi Carlo','519','0',NULL,NULL,NULL,NULL),(1392,'Fundamentals of software Engineering','2015','Ghezzi Carlo','519','0',NULL,NULL,NULL,NULL),(1393,'Fundamentals of software Engineering','2015','Ghezzi Carlo','519','0',NULL,NULL,NULL,NULL),(1394,'UML Distilled : A Brief guide to the standard','2016','Martin Fowler','399','0',NULL,NULL,NULL,NULL),(1395,'UML Distilled : A Brief guide to the standard','2016','Martin Fowler','399','0',NULL,NULL,NULL,NULL),(1396,'UML Distilled : A Brief guide to the standard','2016','Martin Fowler','399','0',NULL,NULL,NULL,NULL),(1397,'UML Distilled : A Brief guide to the standard','2016','Martin Fowler','399','0',NULL,NULL,NULL,NULL),(1398,'UML Distilled : A Brief guide to the standard','2016','Martin Fowler','399','0',NULL,NULL,NULL,NULL),(1399,'UML Distilled : A Brief guide to the standard','2016','Martin Fowler','399','0',NULL,NULL,NULL,NULL),(1400,'UML Distilled : A Brief guide to the standard','2016','Martin Fowler','399','0',NULL,NULL,NULL,NULL),(1401,'UML Distilled : A Brief guide to the standard','2016','Martin Fowler','399','0',NULL,NULL,NULL,NULL),(1402,'UML Distilled : A Brief guide to the standard','2016','Martin Fowler','399','0',NULL,NULL,NULL,NULL),(1403,'UML Distilled : A Brief guide to the standard','2016','Martin Fowler','399','0',NULL,NULL,NULL,NULL),(1404,'Cryptography and Network Security','2015','Forouzan Behrouz.A','575','0',NULL,NULL,NULL,NULL),(1405,'Cryptography and Network Security','2015','Forouzan Behrouz.A','575','0',NULL,NULL,NULL,NULL),(1406,'Cryptography and Network Security','2015','Forouzan Behrouz.A','575','0',NULL,NULL,NULL,NULL),(1407,'Cryptography Theory and Practice','2015','Stinson douglas.R','895','0',NULL,NULL,NULL,NULL),(1408,'Cryptography Theory and Practice','2015','Stinson douglas.R','895','0',NULL,NULL,NULL,NULL),(1409,'Cryptography Theory and Practice','2015','Stinson douglas.R','895','0',NULL,NULL,NULL,NULL),(1410,'The Science of Interstellar','2014','Thorne Kip','1762','0',NULL,NULL,NULL,NULL),(1411,'The Science of Interstellar','2014','Thorne Kip','1762','0',NULL,NULL,NULL,NULL),(1412,'\"The man who knew infinity : a life of the ge',' Ramanujan\"','Kanigel Robert','1991','599',NULL,NULL,NULL,NULL),(1413,'\"The man who knew infinity : a life of the ge',' Ramanujan\"','Kanigel Robert','1991','599',NULL,NULL,NULL,NULL),(1414,'\"The man who knew infinity : a life of the ge',' Ramanujan\"','Kanigel Robert','1991','599',NULL,NULL,NULL,NULL),(1415,'\"The man who knew infinity : a life of the ge',' Ramanujan\"','Kanigel Robert','1991','599',NULL,NULL,NULL,NULL),(1416,'Phantoms in the brain : probing the mysteries','2015','Ramachandran V.S','450','0',NULL,NULL,NULL,NULL),(1417,'\"Surely you\'re joking',' Mr. Feynman! : adventures of a curious chara','Feynman Ricahrd .P','1992','499',NULL,NULL,NULL,NULL),(1418,'\"Surely you\'re joking',' Mr. Feynman! : adventures of a curious chara','Feynman Ricahrd .P','1992','499',NULL,NULL,NULL,NULL),(1419,'The grand design','2011','Hawking stephen','499','0',NULL,NULL,NULL,NULL),(1420,'The grand design','2011','Hawking stephen','499','0',NULL,NULL,NULL,NULL),(1421,'\"Compilers: Principles',' Techniques','Aho.Alfred V',' and Tool\"','2014',NULL,NULL,NULL,NULL),(1422,'\"Compilers: Principles',' Techniques','Aho.Alfred V',' and Tool\"','2014',NULL,NULL,NULL,NULL),(1423,'\"Compilers: Principles',' Techniques','Aho.Alfred V',' and Tool\"','2014',NULL,NULL,NULL,NULL),(1424,'\"Compilers: Principles',' Techniques','Aho.Alfred V',' and Tool\"','2014',NULL,NULL,NULL,NULL),(1425,'\"Compilers: Principles',' Techniques','Aho.Alfred V',' and Tool\"','2014',NULL,NULL,NULL,NULL),(1426,'\"Compilers: Principles',' Techniques','Aho.Alfred V',' and Tool\"','2014',NULL,NULL,NULL,NULL),(1427,'\"Compilers: Principles',' Techniques','Aho.Alfred V',' and Tool\"','2014',NULL,NULL,NULL,NULL),(1428,'\"Compilers: Principles',' Techniques','Aho.Alfred V',' and Tool\"','2014',NULL,NULL,NULL,NULL),(1429,'\"Compilers: Principles',' Techniques','Aho.Alfred V',' and Tool\"','2014',NULL,NULL,NULL,NULL),(1430,'\"Compilers: Principles',' Techniques','Aho.Alfred V',' and Tool\"','2014',NULL,NULL,NULL,NULL),(1431,'Programming Language Pragmatics','2014','Scott Michael. L','625','0',NULL,NULL,NULL,NULL),(1432,'Programming Language Pragmatics','2014','Scott Michael. L','625','0',NULL,NULL,NULL,NULL),(1433,'Cryptography for security and privacy in clou','2014','Rass. Stefan','11216','0',NULL,NULL,NULL,NULL),(1434,'Discrete and Combinatorial Mathematics','2014','Grimaldi Ralph P.','849','0',NULL,NULL,NULL,NULL),(1435,'Discrete and Combinatorial Mathematics','2014','Grimaldi Ralph P.','849','0',NULL,NULL,NULL,NULL),(1436,'Discrete and Combinatorial Mathematics','2014','Grimaldi Ralph P.','849','0',NULL,NULL,NULL,NULL),(1437,'Algorithms','2013','Dasgupta Sanjoy','665','0',NULL,NULL,NULL,NULL),(1438,'Introduction to algorithms','2009','Corman H. Thomas','595','0',NULL,NULL,NULL,NULL),(1439,'Introduction to algorithms','2009','Corman H. Thomas','595','0',NULL,NULL,NULL,NULL),(1440,'Introduction to algorithms','2009','Corman H. Thomas','595','0',NULL,NULL,NULL,NULL),(1441,'Introduction to algorithms','2009','Corman H. Thomas','595','0',NULL,NULL,NULL,NULL),(1442,'Fundamentals of Computer algorithms','2015','Horowitz Ellis','425','0',NULL,NULL,NULL,NULL),(1443,'Principles of linear systems and signals','2013','Lathi.B.P','665','0',NULL,NULL,NULL,NULL),(1444,'Operating Systems Concepts','2016','Silberschatz Abraham','579','0',NULL,NULL,NULL,NULL),(1445,'Operating Systems Concepts','2016','Silberschatz Abraham','579','0',NULL,NULL,NULL,NULL),(1446,'Operating Systems Concepts','2016','Silberschatz Abraham','579','0',NULL,NULL,NULL,NULL),(1447,'Introduction to Coding and Information Theory','1996','Roman Steven','5049','0',NULL,NULL,NULL,NULL),(1448,'Introduction to Coding and Information Theory','1996','Roman Steven','5049','0',NULL,NULL,NULL,NULL),(1449,'Introduction to Coding and Information Theory','1996','Roman Steven','5049','0',NULL,NULL,NULL,NULL),(1450,'Cryptography and network security : principle','2016','Stallings William','639','0',NULL,NULL,NULL,NULL),(1451,'Cryptography and network security : principle','2016','Stallings William','639','0',NULL,NULL,NULL,NULL),(1452,'Cryptography and network security : principle','2016','Stallings William','639','0',NULL,NULL,NULL,NULL),(1453,'Cryptography and network security : principle','2016','Stallings William','639','0',NULL,NULL,NULL,NULL),(1454,'Cryptography and network security : principle','2016','Stallings William','639','0',NULL,NULL,NULL,NULL),(1455,'Cryptography and network security : principle','2016','Stallings William','639','0',NULL,NULL,NULL,NULL),(1456,'Cryptography and network security : principle','2016','Stallings William','639','0',NULL,NULL,NULL,NULL),(1457,'Cryptography and network security : principle','2016','Stallings William','639','0',NULL,NULL,NULL,NULL),(1458,'Cryptography and network security : principle','2016','Stallings William','639','0',NULL,NULL,NULL,NULL),(1459,'Cryptography and network security : principle','2016','Stallings William','639','0',NULL,NULL,NULL,NULL),(1460,'Handbook of Applied Cryptography','1997','Menezes . Alfred J','2895','0',NULL,NULL,NULL,NULL),(1461,'Handbook of Applied Cryptography','1997','Menezes . Alfred J','2895','0',NULL,NULL,NULL,NULL),(1462,'Handbook of Applied Cryptography','1997','Menezes . Alfred J','2895','0',NULL,NULL,NULL,NULL),(1463,'Engineering a compiler','2012','Cooper Keith.D','625','0',NULL,NULL,NULL,NULL),(1464,'Modern compiler implementation in C','2014','Appel andrew.W','545','0',NULL,NULL,NULL,NULL),(1465,'Modern compiler implementation in C','2014','Appel andrew.W','545','0',NULL,NULL,NULL,NULL),(1466,'Modern compiler implementation in C','2014','Appel andrew.W','545','0',NULL,NULL,NULL,NULL),(1467,'Wireless Communications','2015','Goldsmith Andrea','580','0',NULL,NULL,NULL,NULL),(1468,'Wireless Communications','2015','Goldsmith Andrea','580','0',NULL,NULL,NULL,NULL),(1469,'Electrical measurements and measuring instrum','2015','Golding','795','0',NULL,NULL,NULL,NULL),(1470,'Modern Electronic instrumentation and measure','2016','Helfrick Albert.D','435','0',NULL,NULL,NULL,NULL),(1471,'LET us C','2015','Yashavant Kanetkar','297','0',NULL,NULL,NULL,NULL),(1472,'LET us C','2015','Yashavant Kanetkar','297','0',NULL,NULL,NULL,NULL),(1473,'LET us C','2015','Yashavant Kanetkar','297','0',NULL,NULL,NULL,NULL),(1474,'LET us C','2015','Yashavant Kanetkar','297','0',NULL,NULL,NULL,NULL),(1475,'LET us C','2015','Yashavant Kanetkar','297','0',NULL,NULL,NULL,NULL),(1476,'LET us C','2015','Yashavant Kanetkar','297','0',NULL,NULL,NULL,NULL),(1477,'LET us C','2015','Yashavant Kanetkar','297','0',NULL,NULL,NULL,NULL),(1478,'LET us C','2015','Yashavant Kanetkar','297','0',NULL,NULL,NULL,NULL),(1479,'LET us C','2015','Yashavant Kanetkar','297','0',NULL,NULL,NULL,NULL),(1480,'LET us C','2015','Yashavant Kanetkar','297','0',NULL,NULL,NULL,NULL),(1481,'Algorithm Design','2014','Kleinberg jon','829','0',NULL,NULL,NULL,NULL),(1482,'Principles of linear systems and signals','2014','Lathi.B.P','665','0',NULL,NULL,NULL,NULL),(1483,'Principles of linear systems and signals','2014','Lathi.B.P','665','0',NULL,NULL,NULL,NULL),(1484,'Principles of linear systems and signals','2014','Lathi.B.P','665','0',NULL,NULL,NULL,NULL),(1485,'Principles of linear systems and signals','2014','Lathi.B.P','665','0',NULL,NULL,NULL,NULL),(1486,'Embedded systems design using C8051','2012','Han-Way huang','525','0',NULL,NULL,NULL,NULL),(1487,'Embedded systems design using C8051','2012','Han-Way huang','525','0',NULL,NULL,NULL,NULL),(1488,'Embedded systems design using C8051','2012','Han-Way huang','525','0',NULL,NULL,NULL,NULL),(1489,'Embedded systems design using C8051','2012','Han-Way huang','525','0',NULL,NULL,NULL,NULL),(1490,'Embedded systems design using C8051','2012','Han-Way huang','525','0',NULL,NULL,NULL,NULL),(1491,'Phantoms in the brain : probing the mysteries','2015','Ramachandran V.S','450','0',NULL,NULL,NULL,NULL),(1492,'Phantoms in the brain : probing the mysteries','2015','Ramachandran V.S','450','0',NULL,NULL,NULL,NULL),(1493,'Phantoms in the brain : probing the mysteries','2015','Ramachandran V.S','450','0',NULL,NULL,NULL,NULL),(1494,'The Elegant Universe','2003','Greene Brian','650','0',NULL,NULL,NULL,NULL),(1495,'Brilliant Blunders','2013','Livio Mario','399','0',NULL,NULL,NULL,NULL),(1496,'Brilliant Blunders','2013','Livio Mario','399','0',NULL,NULL,NULL,NULL),(1497,'Brilliant Blunders','2013','Livio Mario','399','0',NULL,NULL,NULL,NULL),(1498,'A History of PI','1971','Beckmann Petr','1199','0',NULL,NULL,NULL,NULL),(1499,'A History of PI','1971','Beckmann Petr','1199','0',NULL,NULL,NULL,NULL),(1500,'Programming Language Pragmatics','2014','Scott Michael. L','625','0',NULL,NULL,NULL,NULL),(1501,'Crafting a Compiler with C','2014','Fischer Charles.N','979','0',NULL,NULL,NULL,NULL),(1502,'Crafting a Compiler with C','2014','Fischer Charles.N','979','0',NULL,NULL,NULL,NULL),(1503,'Crafting a Compiler with C','2014','Fischer Charles.N','979','0',NULL,NULL,NULL,NULL),(1504,'The Art of Multiprocessor Programming','2014','Herlihy Maurice','465','0',NULL,NULL,NULL,NULL),(1505,'Digital Communications','2014','Proakis G.John','899','0',NULL,NULL,NULL,NULL),(1506,'Digital Communications','2014','Proakis G.John','899','0',NULL,NULL,NULL,NULL),(1507,'Digital Communications','2014','Proakis G.John','899','0',NULL,NULL,NULL,NULL),(1508,'Digital Communications','2014','Proakis G.John','899','0',NULL,NULL,NULL,NULL),(1509,'Digital Communications','2014','Proakis G.John','899','0',NULL,NULL,NULL,NULL),(1510,'Higher Engineering Mathematics','2015','Grewal B.S','725','0',NULL,NULL,NULL,NULL),(1511,'Higher Engineering Mathematics','2015','Grewal B.S','725','0',NULL,NULL,NULL,NULL),(1512,' Joseph\"','Molecular cloning : a laboratory manual','\"Sambrook','2014','700',NULL,NULL,NULL,NULL),(1513,' Joseph\"','Molecular cloning : a laboratory manual','\"Sambrook','2014','700',NULL,NULL,NULL,NULL),(1514,' Joseph\"','Molecular cloning : a laboratory manual','\"Sambrook','2014','700',NULL,NULL,NULL,NULL),(1515,' Joseph\"','Molecular cloning : a laboratory manual','\"Sambrook','2014','700',NULL,NULL,NULL,NULL),(1516,' Joseph\"','Molecular cloning : a laboratory manual','\"Sambrook','2014','700',NULL,NULL,NULL,NULL),(1517,' Joseph\"','Molecular cloning : a laboratory manual','\"Sambrook','2014','700',NULL,NULL,NULL,NULL),(1518,' Joseph\"','Molecular cloning : a laboratory manual','\"Sambrook','2014','700',NULL,NULL,NULL,NULL),(1519,' Joseph\"','Molecular cloning : a laboratory manual','\"Sambrook','2014','700',NULL,NULL,NULL,NULL),(1520,' Joseph\"','Molecular cloning : a laboratory manual','\"Sambrook','2014','700',NULL,NULL,NULL,NULL),(1521,'Molecular Biology of The CELL','2016','Alberts','7076','0',NULL,NULL,NULL,NULL),(1522,'Molecular Biology of The CELL','2016','Alberts','7076','0',NULL,NULL,NULL,NULL),(1523,'Molecular Biology of The CELL','2016','Alberts','7076','0',NULL,NULL,NULL,NULL),(1524,'DNA The Secret of life','2002','Watson James','650','0',NULL,NULL,NULL,NULL),(1525,'DNA The Secret of life','2002','Watson James','650','0',NULL,NULL,NULL,NULL),(1526,'DNA The Secret of life','2002','Watson James','650','0',NULL,NULL,NULL,NULL),(1527,'Modern Electronic instrumentation and measure','2016','Helfrick Albert.D','479','0',NULL,NULL,NULL,NULL),(1528,'Modern Electronic instrumentation and measure','2016','Helfrick Albert.D','479','0',NULL,NULL,NULL,NULL),(1529,'Modern Electronic instrumentation and measure','2016','Helfrick Albert.D','479','0',NULL,NULL,NULL,NULL),(1530,'Electrical measurements and measuring instrum','2015','Golding','695','0',NULL,NULL,NULL,NULL),(1531,'Electrical measurements and measuring instrum','2015','Golding','695','0',NULL,NULL,NULL,NULL),(1532,'Electrical measurements and measuring instrum','2015','Golding','695','0',NULL,NULL,NULL,NULL),(1533,'Electrical measurements and measuring instrum','2015','Golding','695','0',NULL,NULL,NULL,NULL),(1534,'Electrical measurements and measuring instrum','2015','Golding','695','0',NULL,NULL,NULL,NULL),(1535,'Digital Design: With an Introduction to the V','2013','Mano Morris .M','595','0',NULL,NULL,NULL,NULL),(1536,'Digital Design: With an Introduction to the V','2013','Mano Morris .M','595','0',NULL,NULL,NULL,NULL),(1537,'Digital Design: With an Introduction to the V','2013','Mano Morris .M','595','0',NULL,NULL,NULL,NULL),(1538,' Paul J.\"','An imaginary tale : the story of [the square ','\"Nahin','2010','699',NULL,NULL,NULL,NULL),(1539,' Paul J.\"','An imaginary tale : the story of [the square ','\"Nahin','2010','699',NULL,NULL,NULL,NULL),(1540,'Engineering a compiler','2012','Cooper Keith.D','575','0',NULL,NULL,NULL,NULL),(1541,'Engineering a compiler','2012','Cooper Keith.D','575','0',NULL,NULL,NULL,NULL),(1542,' Ian Fuat\"','Wireless Sensor Networks','\"Akyildiz','2011','8684',NULL,NULL,NULL,NULL),(1543,' Ian Fuat\"','Wireless Sensor Networks','\"Akyildiz','2011','8684',NULL,NULL,NULL,NULL),(1544,' Imre\"','Information theory : coding theorems for disc','\"Csiszir','2011','4234',NULL,NULL,NULL,NULL),(1545,'Andrew.J\"','Principles of Digital Communication and Codin','\"Viterbi','2009','2124',NULL,NULL,NULL,NULL),(1546,'Andrew.J\"','Principles of Digital Communication and Codin','\"Viterbi','2009','2124',NULL,NULL,NULL,NULL),(1547,'Andrew.J\"','Principles of Digital Communication and Codin','\"Viterbi','2009','2124',NULL,NULL,NULL,NULL),(1548,'Andrew.J\"','Principles of Digital Communication and Codin','\"Viterbi','2009','2124',NULL,NULL,NULL,NULL),(1549,'Andrew.J\"','Principles of Digital Communication and Codin','\"Viterbi','2009','2124',NULL,NULL,NULL,NULL),(1550,'Computer Science: A Structured programmin app','2007','Forouzan S. Behrouz','200','0',NULL,NULL,NULL,NULL),(1551,'LET us C','2014','Yashavant Kanetkar','200','0',NULL,NULL,NULL,NULL),(1552,'Digital Logic and Computer Design','2013','Mano Morris.M','200','0',NULL,NULL,NULL,NULL),(1553,'Discrete Mathematics and Its applications','2014','Rosen H. Kenneth','200','0',NULL,NULL,NULL,NULL),(1554,' David\"','Fundamentals of wireless communication','\"Tse','2014','795',NULL,NULL,NULL,NULL),(1555,' David\"','Fundamentals of wireless communication','\"Tse','2014','795',NULL,NULL,NULL,NULL),(1556,' David\"','Fundamentals of wireless communication','\"Tse','2014','795',NULL,NULL,NULL,NULL),(1557,' David\"','Fundamentals of wireless communication','\"Tse','2014','795',NULL,NULL,NULL,NULL),(1558,' David\"','Fundamentals of wireless communication','\"Tse','2014','795',NULL,NULL,NULL,NULL),(1559,' Richard E.\"','Algebraic codes for data transmission','\"Blahut','2006','400',NULL,NULL,NULL,NULL),(1560,' Charles','\"','\"Darwin','On the origin of species','2008',NULL,NULL,NULL,NULL),(1561,' Charles','\"','\"Darwin','On the origin of species','2008',NULL,NULL,NULL,NULL),(1562,' John\"','Nature\'s building blocks : an A-Z guide to th','\"Emsley','2011','1646',NULL,NULL,NULL,NULL),(1563,' John\"','Nature\'s building blocks : an A-Z guide to th','\"Emsley','2011','1646',NULL,NULL,NULL,NULL),(1564,' J.S\"','Information theory & coding','\"Chitode','2014','330',NULL,NULL,NULL,NULL),(1565,' J.S\"','Information theory & coding','\"Chitode','2014','330',NULL,NULL,NULL,NULL),(1566,'Designing embedded Hardware','2014','Catsoulis John','725','0',NULL,NULL,NULL,NULL),(1567,'Designing embedded Hardware','2014','Catsoulis John','725','0',NULL,NULL,NULL,NULL),(1568,'Designing embedded Hardware','2014','Catsoulis John','725','0',NULL,NULL,NULL,NULL),(1569,'Designing embedded Hardware','2014','Catsoulis John','725','0',NULL,NULL,NULL,NULL),(1570,'Designing embedded Hardware','2014','Catsoulis John','725','0',NULL,NULL,NULL,NULL),(1571,' B. Jayant','\"','\"Baliga','\"The IGBT device : physics',' design and applications of the insulated gat',NULL,NULL,NULL,NULL),(1572,' Jiawei\"','Data mining : concepts and techniques','\"Han','2015','565',NULL,NULL,NULL,NULL),(1573,' Jiawei\"','Data mining : concepts and techniques','\"Han','2015','565',NULL,NULL,NULL,NULL),(1574,' Jiawei\"','Data mining : concepts and techniques','\"Han','2015','565',NULL,NULL,NULL,NULL),(1575,' Jiawei\"','Data mining : concepts and techniques','\"Han','2015','565',NULL,NULL,NULL,NULL),(1576,' Ray\"','Fahrenheit 451','\"Bradbury','2012','399',NULL,NULL,NULL,NULL),(1577,' J. D\"','The Catcher in the Rye','\"Salinger','2010','399',NULL,NULL,NULL,NULL),(1578,' Douglas\"','The ultimate hitchhiker\'s guide to the galaxy','\"Adams','2002','799',NULL,NULL,NULL,NULL),(1579,' Joseph\"','\"Catch-22','\"Heller',' a novel\"','1962',NULL,NULL,NULL,NULL),(1580,' Salman\"','c','\"Rushdie','2002','550',NULL,NULL,NULL,NULL),(1581,' Gabriel\"','Love in the time of cholera','\"Garcia Mirquez','1998','399',NULL,NULL,NULL,NULL),(1582,' Haruki','\"','\"Murakami','Kafka on the shore','2005',NULL,NULL,NULL,NULL),(1583,' Rebecca\"','Reason to breathe','\"Donovan','2013','399',NULL,NULL,NULL,NULL),(1584,' Pearl S.\"','The good earth','\"Buck','2012','175',NULL,NULL,NULL,NULL),(1585,' Umberto\"','The name of the rose','\"Eco','2014','599',NULL,NULL,NULL,NULL),(1586,' Ginter\"','The tin drum','\"Grass','2009','599',NULL,NULL,NULL,NULL),(1587,' Nassim Nicholas\"','The black swan : the impact of the highly imp','\"Taleb','2010','708',NULL,NULL,NULL,NULL),(1588,' Steven D\"','Freakonomics : a rogue economist explores the','\"Levitt','2009','350',NULL,NULL,NULL,NULL),(1589,'\"The man who knew infinity : a life of the ge',' Ramanujan\"','Kanigel Robert','1991','599',NULL,NULL,NULL,NULL),(1590,' Viktor E\"','Man\'s search for meaning','\"Frankl','2004','299',NULL,NULL,NULL,NULL),(1591,' Carl','\"','\"Sagan','Cosmos','2013',NULL,NULL,NULL,NULL),(1592,'\"Surely you\'re joking',' Mr. Feynman! : adventures of a curious chara','Feynman Ricahrd .P','1992','499',NULL,NULL,NULL,NULL),(1593,' Walter H. G\"','For the love of physics : from the end of the','\"Lewin','2012','499',NULL,NULL,NULL,NULL),(1594,' Benjamin','\"','\"Graham','The intelligent investor : a book of practica','2016',NULL,NULL,NULL,NULL),(1595,' Nir\"','Hooked : how to build habit-forming products','\"Eyal','2014','599',NULL,NULL,NULL,NULL),(1596,' M.\"','Indian Polity : For civil services examinatio','\"Laxmikanth','2016','645',NULL,NULL,NULL,NULL),(1597,' Bipan\"','\"India\'s struggle for independence','\"Chandra',' 1857-1947\"','2016',NULL,NULL,NULL,NULL),(1598,'GMAT roadmap : expert advice through test day','2014','Manhattan GMAT','1841','0',NULL,NULL,NULL,NULL),(1599,'\"Fractions',' decimals','Manhattan GMAT',' & percents : GRE strategy guide.\"','2012',NULL,NULL,NULL,NULL),(1600,'Word Problems : GMAT strategy guide.','2012','Manhattan GMAT','1841','0',NULL,NULL,NULL,NULL),(1601,'Geometry : GMAT strategy guide.','2012','Manhattan GMAT','1841','0',NULL,NULL,NULL,NULL),(1602,'Number properties : Manhattan GMAT.','2012','Manhattan GMAT','1841','0',NULL,NULL,NULL,NULL),(1603,'Reading comprehension : GMAT strategy guide.','2012','Manhattan GMAT','1841','0',NULL,NULL,NULL,NULL),(1604,'Sentence correction : verbal strategy guide','2012','Manhattan GMAT','1841','0',NULL,NULL,NULL,NULL),(1605,'Integrated reasoning & essay : GMAT strategy ','2012','Manhattan GMAT','1841','0',NULL,NULL,NULL,NULL),(1606,'GMAT Verbal Review: 2017','2016','Manhattan GMAT','799','0',NULL,NULL,NULL,NULL),(1607,'Algebra : GRE strategy guide.','2014','Manhattan GRE','1416','0',NULL,NULL,NULL,NULL),(1608,'\"Fractions',' decimals','Manhattan GRE',' & percents : GRE strategy guide.\"','2014',NULL,NULL,NULL,NULL),(1609,'Geometry : GRE strategy guide','2014','Manhattan GRE','1416','0',NULL,NULL,NULL,NULL),(1610,'Word problems : GRE strategy guide.','2014','Manhattan GRE','1416','0',NULL,NULL,NULL,NULL),(1611,'Quantitative comparisons & data interpretatio','2014','Manhattan GRE','1416','0',NULL,NULL,NULL,NULL),(1612,'Cracking the TOEFL iBT','2016','TOFEL iBT','625','0',NULL,NULL,NULL,NULL),(1613,' A. K\"','A Course in electrical and electronic measure','\"Sawhney','2016','625',NULL,NULL,NULL,NULL),(1614,' Norman\"','Word power made easy','\"Lewis','2016','1978',NULL,NULL,NULL,NULL),(1615,' Norman\"','Word power made easy','\"Lewis','2016','1978',NULL,NULL,NULL,NULL),(1616,' Norman\"','Word power made easy','\"Lewis','2016','1978',NULL,NULL,NULL,NULL),(1617,' Dominick\"','Managerial Economics :Principles and worldwid','\"Salvatore','2016','695',NULL,NULL,NULL,NULL),(1618,' Dominick\"','Managerial Economics :Principles and worldwid','\"Salvatore','2016','695',NULL,NULL,NULL,NULL),(1619,' Dominick\"','Managerial Economics :Principles and worldwid','\"Salvatore','2016','695',NULL,NULL,NULL,NULL),(1620,' Dominick\"','Managerial Economics :Principles and worldwid','\"Salvatore','2016','695',NULL,NULL,NULL,NULL),(1621,' Dominick\"','Managerial Economics :Principles and worldwid','\"Salvatore','2016','695',NULL,NULL,NULL,NULL),(1622,' Dominick\"','Managerial Economics :Principles and worldwid','\"Salvatore','2016','695',NULL,NULL,NULL,NULL),(1623,' Dominick\"','Cloud Security and privacy : An enterpirse pe','\"Salvatore','2011','450',NULL,NULL,NULL,NULL),(1624,' Dominick\"','Cloud Security and privacy : An enterprise pe','\"Salvatore','2011','450',NULL,NULL,NULL,NULL),(1625,' Dominick\"','Cloud Security and privacy : An enterpirse pe','\"Salvatore','2011','450',NULL,NULL,NULL,NULL),(1626,' Dominick\"','Cloud Security and privacy : An enterpirse pe','\"Salvatore','2011','450',NULL,NULL,NULL,NULL),(1627,' Dominick\"','Cloud Security and privacy : An enterpirse pe','\"Salvatore','2011','450',NULL,NULL,NULL,NULL),(1628,' Dominick\"','Cloud Security and privacy : An enterpirse pe','\"Salvatore','2011','450',NULL,NULL,NULL,NULL),(1629,' Dominick\"','Cloud Security and privacy : An enterpirse pe','\"Salvatore','2011','450',NULL,NULL,NULL,NULL),(1630,' Dominick\"','\"Learning with kernels : support vector machi','\"Salvatore',' regularization',' optimization',NULL,NULL,NULL,NULL),(1631,' Dominick\"','\"Learning with kernels : support vector machi','\"Salvatore',' regularization',' optimization',NULL,NULL,NULL,NULL),(1632,' Dominick\"','Sea of poppies','\"Salvatore','2008','499',NULL,NULL,NULL,NULL),(1633,' Dominick\"','Business adventures : twelve classic tales fr','\"Salvatore','2014','499',NULL,NULL,NULL,NULL),(1634,' Dominick\"','The hard thing about hard things : building a','\"Salvatore','2014','699',NULL,NULL,NULL,NULL),(1635,' Dominick\"','Modern Electronic instrumentation and measure','\"Salvatore','2016','479',NULL,NULL,NULL,NULL),(1636,' Dominick\"','Modern Electronic instrumentation and measure','\"Salvatore','2016','479',NULL,NULL,NULL,NULL),(1637,' Dominick\"','The art of concurrency','\"Salvatore','2013','575',NULL,NULL,NULL,NULL),(1638,' Dominick\"','Molecular biology of the gene','\"Salvatore','2013','16435',NULL,NULL,NULL,NULL),(1639,' Dominick\"','Molecular biology of the gene','\"Salvatore','2013','16435',NULL,NULL,NULL,NULL),(1640,' Dominick\"','Molecular biology of the gene','\"Salvatore','2013','16435',NULL,NULL,NULL,NULL),(1641,' Dominick\"','Molecular biology of the gene','\"Salvatore','2013','16435',NULL,NULL,NULL,NULL),(1642,' Dominick\"','Molecular biology of the gene','\"Salvatore','2013','16435',NULL,NULL,NULL,NULL),(1643,' Dominick\"','Soft computing','\"Salvatore','2015','305',NULL,NULL,NULL,NULL),(1644,' Dominick\"','Soft computing','\"Salvatore','2015','305',NULL,NULL,NULL,NULL),(1645,' Dominick\"','Soft computing','\"Salvatore','2015','305',NULL,NULL,NULL,NULL),(1646,' Dominick\"','Soft computing','\"Salvatore','2015','305',NULL,NULL,NULL,NULL),(1647,' Dominick\"','\"The elements of statistical learning : data ','\"Salvatore',' inference',' and prediction : with 200 full-color illustr',NULL,NULL,NULL,NULL),(1648,' Dominick\"','\"The elements of statistical learning : data ','\"Salvatore',' inference',' and prediction : with 200 full-color illustr',NULL,NULL,NULL,NULL),(1649,' Dominick\"','An introduction to signal detection and estim','\"Salvatore','2016','6411',NULL,NULL,NULL,NULL),(1650,' Dominick\"','Algebraic codes for data transmission','\"Salvatore','2006','3763',NULL,NULL,NULL,NULL),(1651,' Dominick\"','Algebraic codes for data transmission','\"Salvatore','2006','3763',NULL,NULL,NULL,NULL),(1652,' Dominick\"','Word power made easy','\"Salvatore','2006','1978',NULL,NULL,NULL,NULL),(1653,' Dominick\"','Of mice and men','\"Salvatore','2000','399',NULL,NULL,NULL,NULL),(1654,' Dominick\"','A fine balance : a novel','\"Salvatore','2006','750',NULL,NULL,NULL,NULL),(1655,' Dominick\"','Wild swans : three daughters of China','\"Salvatore','2003','450',NULL,NULL,NULL,NULL),(1656,'GATE : computer Science & Information Technol','2017','Anish Chand','560','0',NULL,NULL,NULL,NULL),(1657,'GATE : computer Science & Information Technol','2017','Anish Chand','560','0',NULL,NULL,NULL,NULL),(1658,'GATE : computer Science & Information Technol','2017','Anish Chand','560','0',NULL,NULL,NULL,NULL),(1659,'Higher Engineering Mathematics','2015','Grewal B.S','580','0',NULL,NULL,NULL,NULL),(1660,'A Modern Approach to Verbal and Non Verbal Re','2015','Aggarwal R.S','592','0',NULL,NULL,NULL,NULL),(1661,'A Modern Approach to Verbal and Non Verbal Re','2015','Aggarwal R.S','592','0',NULL,NULL,NULL,NULL),(1662,'A Modern Approach to Verbal and Non Verbal Re','2015','Aggarwal R.S','592','0',NULL,NULL,NULL,NULL),(1663,'Quantitative Aptitude','2015','Aggarwal R.S','406','0',NULL,NULL,NULL,NULL),(1664,'Quantitative Aptitude','2015','Aggarwal R.S','406','0',NULL,NULL,NULL,NULL),(1665,'Quantitative Aptitude','2015','Aggarwal R.S','406','0',NULL,NULL,NULL,NULL),(1666,'Wuthering heights','2003','Bront  Emily','175','0',NULL,NULL,NULL,NULL),(1667,'Geography of India','2015','Husain','595','0',NULL,NULL,NULL,NULL),(1668,'\"The offical GRE guide',' revised General Test\"','ETS','2015','895',NULL,NULL,NULL,NULL),(1669,' Pang-Ning\"','Introduction to data mining','\"Tan','2016','2796',NULL,NULL,NULL,NULL),(1670,' Pang-Ning\"','Introduction to data mining','\"Tan','2016','2796',NULL,NULL,NULL,NULL),(1671,' Pang-Ning\"','Introduction to data mining','\"Tan','2016','2796',NULL,NULL,NULL,NULL),(1672,' Pang-Ning\"','Introduction to data mining','\"Tan','2016','2796',NULL,NULL,NULL,NULL),(1673,' Nello\"','An introduction to support vector machines : ','\"Cristianini','2014','5567',NULL,NULL,NULL,NULL),(1674,' Nello\"','An introduction to support vector machines : ','\"Cristianini','2014','5567',NULL,NULL,NULL,NULL),(1675,'The Elegant Universe','2003','Greene Brian','650','0',NULL,NULL,NULL,NULL),(1676,' V. S.\"','The tell-tale brain : a neuroscientist\'s ques','\"Ramachandran','2012','1268',NULL,NULL,NULL,NULL),(1677,' V. S.\"','The tell-tale brain : a neuroscientist\'s ques','\"Ramachandran','2012','1268',NULL,NULL,NULL,NULL),(1678,' V. S.\"','The tell-tale brain : unlocking the mystery o','\"Ramachandran','2012','499',NULL,NULL,NULL,NULL),(1679,' V. S.\"','The tell-tale brain : unlocking the mystery o','\"Ramachandran','2012','499',NULL,NULL,NULL,NULL),(1680,'Quantitative Aptitude : Quantum CAT','2012','Verma Sarvesh','795','0',NULL,NULL,NULL,NULL),(1681,'Verbal ability and Reading Comprehension for ','2016','Sinha Nishit. K','575','0',NULL,NULL,NULL,NULL),(1682,'A Modern Approach to Verbal and Non Verbal Re','2015','Aggarwal R.S','925','0',NULL,NULL,NULL,NULL),(1683,'Algebra : GMAT strategy guide.','2014','Manhattan','1840','0',NULL,NULL,NULL,NULL),(1684,'Critical reasoning : GMAT strategy guide.','2014','Manhattan','1840','0',NULL,NULL,NULL,NULL),(1685,'Text completion & sentence equivalence : GRE ','2014','Manhattan','1416','0',NULL,NULL,NULL,NULL),(1686,'Reading comprehension & essays : GRE strategy','2014','Manhattan','1416','0',NULL,NULL,NULL,NULL),(1687,'Gate: computer science','2014','ACE','1416','0',NULL,NULL,NULL,NULL),(1688,'GATE: Electrical and electronics','2014','ACE','1416','0',NULL,NULL,NULL,NULL),(1689,' Kenneth A\"','Elementary analysis : the theory of calculus','\"Ross','2013','45',NULL,NULL,NULL,NULL),(1690,' Kenneth A\"','Elementary analysis : the theory of calculus','\"Ross','2013','45',NULL,NULL,NULL,NULL),(1691,' Peter\"','Silicon carbide.','\"Friedrichs','2010','219',NULL,NULL,NULL,NULL),(1692,'Basic abstract algebra','2012','Bhattacharya P.B.','395','0',NULL,NULL,NULL,NULL),(1693,'Basic abstract algebra','2012','Bhattacharya P.B.','395','0',NULL,NULL,NULL,NULL),(1694,'Basic abstract algebra','2012','Bhattacharya P.B.','395','0',NULL,NULL,NULL,NULL),(1695,'Basic abstract algebra','2012','Bhattacharya P.B.','395','0',NULL,NULL,NULL,NULL),(1696,'Basic abstract algebra','2012','Bhattacharya P.B.','395','0',NULL,NULL,NULL,NULL),(1697,'Basic abstract algebra','2012','Bhattacharya P.B.','395','0',NULL,NULL,NULL,NULL),(1698,'Basic abstract algebra','2012','Bhattacharya P.B.','395','0',NULL,NULL,NULL,NULL),(1699,'Basic abstract algebra','2012','Bhattacharya P.B.','395','0',NULL,NULL,NULL,NULL),(1700,'Basic abstract algebra','2012','Bhattacharya P.B.','395','0',NULL,NULL,NULL,NULL),(1701,'Basic abstract algebra','2012','Bhattacharya P.B.','395','0',NULL,NULL,NULL,NULL),(1702,'Basic abstract algebra','2012','Bhattacharya P.B.','395','0',NULL,NULL,NULL,NULL),(1703,'Basic abstract algebra','2012','Bhattacharya P.B.','395','0',NULL,NULL,NULL,NULL),(1704,'Basic abstract algebra','2012','Bhattacharya P.B.','395','0',NULL,NULL,NULL,NULL),(1705,'Basic abstract algebra','2012','Bhattacharya P.B.','395','0',NULL,NULL,NULL,NULL),(1706,' David\"','Fundamentals of wireless communication','\"Tse','2014','795',NULL,NULL,NULL,NULL),(1707,' David\"','Fundamentals of wireless communication','\"Tse','2014','795',NULL,NULL,NULL,NULL),(1708,' David\"','Fundamentals of wireless communication','\"Tse','2014','795',NULL,NULL,NULL,NULL),(1709,' David\"','Fundamentals of wireless communication','\"Tse','2014','795',NULL,NULL,NULL,NULL),(1710,' David\"','Fundamentals of wireless communication','\"Tse','2014','795',NULL,NULL,NULL,NULL),(1711,'Higher Engineering Mathematics','2015','Grewal B.S','725','0',NULL,NULL,NULL,NULL),(1712,'Higher Engineering Mathematics','2015','Grewal B.S','725','0',NULL,NULL,NULL,NULL),(1713,'Higher Engineering Mathematics','2015','Grewal B.S','725','0',NULL,NULL,NULL,NULL),(1714,'Higher Engineering Mathematics','2015','Grewal B.S','725','0',NULL,NULL,NULL,NULL),(1715,'Higher Engineering Mathematics','2015','Grewal B.S','725','0',NULL,NULL,NULL,NULL),(1716,'Higher Engineering Mathematics','2015','Grewal B.S','725','0',NULL,NULL,NULL,NULL),(1717,'Higher Engineering Mathematics','2015','Grewal B.S','725','0',NULL,NULL,NULL,NULL),(1718,'Higher Engineering Mathematics','2015','Grewal B.S','725','0',NULL,NULL,NULL,NULL),(1719,'Higher Engineering Mathematics','2015','Grewal B.S','725','0',NULL,NULL,NULL,NULL),(1720,'Higher Engineering Mathematics','2015','Grewal B.S','725','0',NULL,NULL,NULL,NULL),(1721,'Higher Engineering Mathematics','2015','Grewal B.S','725','0',NULL,NULL,NULL,NULL),(1722,'Higher Engineering Mathematics','2015','Grewal B.S','725','0',NULL,NULL,NULL,NULL),(1723,'Higher Engineering Mathematics','2015','Grewal B.S','725','0',NULL,NULL,NULL,NULL),(1724,'Higher Engineering Mathematics','2015','Grewal B.S','725','0',NULL,NULL,NULL,NULL),(1725,'Higher Engineering Mathematics','2015','Grewal B.S','725','0',NULL,NULL,NULL,NULL),(1726,'Computer Vision: A Modren approach','2015','Forsyth','779','0',NULL,NULL,NULL,NULL),(1727,'Computer Vision: A Modren approach','2015','Forsyth','779','0',NULL,NULL,NULL,NULL),(1728,'Computer Vision: A Modren approach','2015','Forsyth','779','0',NULL,NULL,NULL,NULL),(1729,'Computer Vision: A Modren approach','2015','Forsyth','779','0',NULL,NULL,NULL,NULL),(1730,'Computer Vision: A Modren approach','2015','Forsyth','779','0',NULL,NULL,NULL,NULL),(1731,'Wireless Communications and networks','2016','Vijay Garge.K','439','0',NULL,NULL,NULL,NULL),(1732,'Wireless Communications and networks','2016','Vijay Garge.K','439','0',NULL,NULL,NULL,NULL),(1733,'Wireless Communications and networks','2016','Vijay Garge.K','439','0',NULL,NULL,NULL,NULL),(1734,'Wireless Communications and networks','2016','Vijay Garge.K','439','0',NULL,NULL,NULL,NULL),(1735,'Wireless Communications and networks','2016','Vijay Garge.K','439','0',NULL,NULL,NULL,NULL),(1736,' Andrew S\"','computer Networks','\"Tanenbaum','2016','489',NULL,NULL,NULL,NULL),(1737,' Andrew S\"','computer Networks','\"Tanenbaum','2016','489',NULL,NULL,NULL,NULL),(1738,' Andrew S\"','computer Networks','\"Tanenbaum','2016','489',NULL,NULL,NULL,NULL),(1739,'GATE: Electronics and communication engineeri','2017','ACE','780','0',NULL,NULL,NULL,NULL),(1740,'GATE: Practice booklet for Electronics and co','2017','ACE','320','0',NULL,NULL,NULL,NULL),(1741,' Tsunenobu\"','\"Fundamentals of silicon carbide technology :','\"Kimoto',' characterization',' devices and applications\"',NULL,NULL,NULL,NULL),(1742,' Richard C\"','Modern control systems','\"Dorf','2014','979',NULL,NULL,NULL,NULL),(1743,' Richard C\"','Modern control systems','\"Dorf','2014','979',NULL,NULL,NULL,NULL),(1744,'Computer Vision: A Modren approach','2015','Forsyth','779','0',NULL,NULL,NULL,NULL),(1745,'Computer Vision: A Modren approach','2015','Forsyth','779','0',NULL,NULL,NULL,NULL),(1746,'GATE: Electronics and communication engineeri','2015','GK','925','0',NULL,NULL,NULL,NULL),(1747,'Matrix and Linear algebra : aided with MATLAB','2012','Kanti Bhushan  Datta','625','0',NULL,NULL,NULL,NULL),(1748,'Matrix and Linear algebra : aided with MATLAB','2012','Kanti Bhushan  Datta','625','0',NULL,NULL,NULL,NULL),(1749,'Matrix and Linear algebra : aided with MATLAB','2012','Kanti Bhushan  Datta','625','0',NULL,NULL,NULL,NULL),(1750,'Matrix and Linear algebra : aided with MATLAB','2012','Kanti Bhushan  Datta','625','0',NULL,NULL,NULL,NULL),(1751,'Matrix and Linear algebra : aided with MATLAB','2012','Kanti Bhushan  Datta','625','0',NULL,NULL,NULL,NULL),(1752,'Matrix and Linear algebra : aided with MATLAB','2012','Kanti Bhushan  Datta','625','0',NULL,NULL,NULL,NULL),(1753,'Matrix and Linear algebra : aided with MATLAB','2012','Kanti Bhushan  Datta','625','0',NULL,NULL,NULL,NULL),(1754,'Matrix and Linear algebra : aided with MATLAB','2012','Kanti Bhushan  Datta','625','0',NULL,NULL,NULL,NULL),(1755,'Matrix and Linear algebra : aided with MATLAB','2012','Kanti Bhushan  Datta','625','0',NULL,NULL,NULL,NULL),(1756,'Matrix and Linear algebra : aided with MATLAB','2012','Kanti Bhushan  Datta','625','0',NULL,NULL,NULL,NULL),(1757,'Matrix and Linear algebra : aided with MATLAB','2012','Kanti Bhushan  Datta','625','0',NULL,NULL,NULL,NULL),(1758,'Matrix and Linear algebra : aided with MATLAB','2012','Kanti Bhushan  Datta','625','0',NULL,NULL,NULL,NULL),(1759,'Matrix and Linear algebra : aided with MATLAB','2012','Kanti Bhushan  Datta','625','0',NULL,NULL,NULL,NULL),(1760,'Matrix and Linear algebra : aided with MATLAB','2012','Kanti Bhushan  Datta','625','0',NULL,NULL,NULL,NULL),(1761,'Matrix and Linear algebra : aided with MATLAB','2012','Kanti Bhushan  Datta','625','0',NULL,NULL,NULL,NULL),(1762,'Matrix and Linear algebra : aided with MATLAB','2012','Kanti Bhushan  Datta','625','0',NULL,NULL,NULL,NULL),(1763,'Automatic Control systems','2014','Golnaraghi Farid','659','0',NULL,NULL,NULL,NULL),(1764,'Automatic Control systems','2014','Golnaraghi Farid','659','0',NULL,NULL,NULL,NULL),(1765,'Automatic Control systems','2014','Golnaraghi Farid','659','0',NULL,NULL,NULL,NULL),(1766,'Automatic Control systems','2014','Golnaraghi Farid','659','0',NULL,NULL,NULL,NULL),(1767,'Automatic Control systems','2014','Golnaraghi Farid','659','0',NULL,NULL,NULL,NULL),(1768,' Erach\"','Textbook of environmental studies : For under','\"Bharucha','2016','250',NULL,NULL,NULL,NULL),(1769,' Erach\"','Textbook of environmental studies : For under','\"Bharucha','2016','250',NULL,NULL,NULL,NULL),(1770,' Erach\"','Textbook of environmental studies : For under','\"Bharucha','2016','250',NULL,NULL,NULL,NULL),(1771,' Erach\"','Textbook of environmental studies : For under','\"Bharucha','2016','250',NULL,NULL,NULL,NULL),(1772,'Introduction to data Communications and Netwo','2011','Tomsai Wayne','849','0',NULL,NULL,NULL,NULL),(1773,'Introduction to data Communications and Netwo','2011','Tomsai Wayne','849','0',NULL,NULL,NULL,NULL),(1774,'Introduction to data Communications and Netwo','2011','Tomsai Wayne','849','0',NULL,NULL,NULL,NULL),(1775,'Introduction to data Communications and Netwo','2011','Tomsai Wayne','849','0',NULL,NULL,NULL,NULL),(1776,'\"Compilers: Principles',' Techniques','Aho.Alfred V',' and Tool\"','2014',NULL,NULL,NULL,NULL),(1777,'\"Compilers: Principles',' Techniques','Aho.Alfred V',' and Tool\"','2014',NULL,NULL,NULL,NULL),(1778,'\"Compilers: Principles',' Techniques','Aho.Alfred V',' and Tool\"','2014',NULL,NULL,NULL,NULL),(1779,'\"Compilers: Principles',' Techniques','Aho.Alfred V',' and Tool\"','2014',NULL,NULL,NULL,NULL),(1780,'Introduction to Automata theory languages and','2013','Hopcraft John E.','699','0',NULL,NULL,NULL,NULL),(1781,'Introduction to Automata theory languages and','2013','Hopcraft John E.','699','0',NULL,NULL,NULL,NULL),(1782,'Introduction to Automata theory languages and','2013','Hopcraft John E.','699','0',NULL,NULL,NULL,NULL),(1783,'Introduction to Automata theory languages and','2013','Hopcraft John E.','699','0',NULL,NULL,NULL,NULL),(1784,' Andrew S\"','computer Networks','\"Tanenbaum','2016','679',NULL,NULL,NULL,NULL),(1785,' Andrew S\"','computer Networks','\"Tanenbaum','2016','679',NULL,NULL,NULL,NULL),(1786,' Andrew S\"','computer Networks','\"Tanenbaum','2016','679',NULL,NULL,NULL,NULL),(1787,' Andrew S\"','computer Networks','\"Tanenbaum','2016','679',NULL,NULL,NULL,NULL),(1788,' Behrouz A.\"','Data communications and networking','\"Forouzan','2016','675',NULL,NULL,NULL,NULL),(1789,' Behrouz A.\"','Data communications and networking','\"Forouzan','2016','675',NULL,NULL,NULL,NULL),(1790,' Behrouz A.\"','Data communications and networking','\"Forouzan','2016','675',NULL,NULL,NULL,NULL),(1791,' Behrouz A.\"','Data communications and networking','\"Forouzan','2016','675',NULL,NULL,NULL,NULL),(1792,' E\"','Engineering mathematics-II','\"Rukmangadachari','2012','479',NULL,NULL,NULL,NULL),(1793,' E\"','Engineering mathematics-II','\"Rukmangadachari','2012','479',NULL,NULL,NULL,NULL),(1794,' E\"','Engineering mathematics-II','\"Rukmangadachari','2012','479',NULL,NULL,NULL,NULL),(1795,' E\"','Engineering mathematics-II','\"Rukmangadachari','2012','479',NULL,NULL,NULL,NULL),(1796,' Katsuhiko\"','Modern control engineering.','\"Ogata','2016','599',NULL,NULL,NULL,NULL),(1797,' Katsuhiko\"','Modern control engineering.','\"Ogata','2016','599',NULL,NULL,NULL,NULL),(1798,' D. P.\"','Modern power system analysis','\"Kothari','2011','599',NULL,NULL,NULL,NULL),(1799,' D. P.\"','Modern power system analysis','\"Kothari','2011','599',NULL,NULL,NULL,NULL),(1800,'Electrical measurements and measuring instrum','2015','Golding','795','0',NULL,NULL,NULL,NULL),(1801,'Electrical measurements and measuring instrum','2015','Golding','795','0',NULL,NULL,NULL,NULL),(1802,' Muhammad H.\"','\"Power electronics : circuits','\"Rashid',' devices',' and applications\"',NULL,NULL,NULL,NULL),(1803,' Muhammad H.\"','\"Power electronics : circuits','\"Rashid',' devices',' and applications\"',NULL,NULL,NULL,NULL),(1804,' M. E.\"','Network analysis','\"Van Valkenburg','2017','429',NULL,NULL,NULL,NULL),(1805,' M. E.\"','Network analysis','\"Van Valkenburg','2017','429',NULL,NULL,NULL,NULL),(1806,'Circuits and Networks: Analysis and Syntesis','2015','Sudhakar A','724','0',NULL,NULL,NULL,NULL),(1807,'Circuits and Networks: Analysis and Syntesis','2015','Sudhakar A','724','0',NULL,NULL,NULL,NULL),(1808,' Tirupathi R.\"','Introduction to finite elements in engineerin','\"Chandrupatla','2016','579',NULL,NULL,NULL,NULL),(1809,' Tirupathi R.\"','Introduction to finite elements in engineerin','\"Chandrupatla','2016','579',NULL,NULL,NULL,NULL),(1810,' Mikell P.\"','CAD/CAM : computer-aided design and manufactu','\"Groover','2017','649',NULL,NULL,NULL,NULL),(1811,' Mikell P.\"','CAD/CAM : computer-aided design and manufactu','\"Groover','2017','649',NULL,NULL,NULL,NULL),(1812,'Opeartional Research','2016','Natarajan A. M','579','0',NULL,NULL,NULL,NULL),(1813,'Opeartional Research','2016','Natarajan A. M','579','0',NULL,NULL,NULL,NULL),(1814,' V.\"','Internal combustion engines','\"Ganesan','2016','625',NULL,NULL,NULL,NULL),(1815,' V.\"','Internal combustion engines','\"Ganesan','2016','625',NULL,NULL,NULL,NULL),(1816,' Erach\"','Textbook of environmental studies : For under','\"Bharucha','2016','250',NULL,NULL,NULL,NULL),(1817,' Erach\"','Textbook of environmental studies : For under','\"Bharucha','2016','250',NULL,NULL,NULL,NULL),(1818,' Irwin','\"','\"Miller','Probability and statistics for engineers','2016',NULL,NULL,NULL,NULL),(1819,' Irwin','\"','\"Miller','Probability and statistics for engineers','2016',NULL,NULL,NULL,NULL),(1820,'Wireless Communication','2013','Rappaport Theodore S.','729','0',NULL,NULL,NULL,NULL),(1821,'Wireless Communication','2013','Rappaport Theodore S.','729','0',NULL,NULL,NULL,NULL),(1822,'Wireless Communication','2013','Rappaport Theodore S.','729','0',NULL,NULL,NULL,NULL),(1823,' Bernard','\"','\"Sklar','Digital communications : fundamentals and app','2016',NULL,NULL,NULL,NULL),(1824,' Bernard','\"','\"Sklar','Digital communications : fundamentals and app','2016',NULL,NULL,NULL,NULL),(1825,' Bernard','\"','\"Sklar','Digital communications : fundamentals and app','2016',NULL,NULL,NULL,NULL),(1826,' Andrew S\"','computer Networks','\"Tanenbaum','2016','679',NULL,NULL,NULL,NULL),(1827,' Andrew S\"','computer Networks','\"Tanenbaum','2016','679',NULL,NULL,NULL,NULL),(1828,' Andrew S\"','computer Networks','\"Tanenbaum','2016','679',NULL,NULL,NULL,NULL),(1829,' Srinivasan\"','\"An engineering approach to computer networki','\"Keshav',' the internet',' and the telephone network\"',NULL,NULL,NULL,NULL),(1830,' Srinivasan\"','\"An engineering approach to computer networki','\"Keshav',' the internet',' and the telephone network\"',NULL,NULL,NULL,NULL),(1831,' Srinivasan\"','\"An engineering approach to computer networki','\"Keshav',' the internet',' and the telephone network\"',NULL,NULL,NULL,NULL),(1832,'Computer systems architecture','2013','Mano Morris.M','639','0',NULL,NULL,NULL,NULL),(1833,'Computer systems architecture','2013','Mano Morris.M','639','0',NULL,NULL,NULL,NULL),(1834,'Computer systems architecture','2013','Mano Morris.M','639','0',NULL,NULL,NULL,NULL),(1835,' John','\"','\"Brockman','What to think about machines that think : tod','2015',NULL,NULL,NULL,NULL),(1836,' John','\"','\"Brockman','What to think about machines that think : tod','2015',NULL,NULL,NULL,NULL),(1837,' John','\"','\"Brockman','What to think about machines that think : tod','2015',NULL,NULL,NULL,NULL),(1838,' Tom\"','Strengths finder 2.0','\"Rath','2007','739',NULL,NULL,NULL,NULL),(1839,'Computer Vision : Algorithms and applications','2011','Szeliski Richard','4172','0',NULL,NULL,NULL,NULL),(1840,'Computer Vision : Algorithms and applications','2011','Szeliski Richard','4172','0',NULL,NULL,NULL,NULL),(1841,'Microelectronic circuits theory & application','2014','Sedra Adel S.','825','0',NULL,NULL,NULL,NULL),(1842,'Microelectronic circuits theory & application','2014','Sedra Adel S.','825','0',NULL,NULL,NULL,NULL),(1843,'Microelectronic circuits theory & application','2014','Sedra Adel S.','825','0',NULL,NULL,NULL,NULL),(1844,'Microelectronic circuits theory & application','2014','Sedra Adel S.','825','0',NULL,NULL,NULL,NULL),(1845,'Microelectronic circuits theory & application','2014','Sedra Adel S.','825','0',NULL,NULL,NULL,NULL),(1846,'Microelectronic circuits theory & application','2014','Sedra Adel S.','825','0',NULL,NULL,NULL,NULL),(1847,'Microelectronic circuits theory & application','2014','Sedra Adel S.','825','0',NULL,NULL,NULL,NULL),(1848,'Microelectronic circuits theory & application','2014','Sedra Adel S.','825','0',NULL,NULL,NULL,NULL),(1849,'Microelectronic circuits theory & application','2014','Sedra Adel S.','825','0',NULL,NULL,NULL,NULL),(1850,'Microelectronic circuits theory & application','2014','Sedra Adel S.','825','0',NULL,NULL,NULL,NULL),(1851,'Microelectronic circuits theory & application','2014','Sedra Adel S.','825','0',NULL,NULL,NULL,NULL),(1852,'Microelectronic circuits theory & application','2014','Sedra Adel S.','825','0',NULL,NULL,NULL,NULL),(1853,'Microelectronic circuits theory & application','2014','Sedra Adel S.','825','0',NULL,NULL,NULL,NULL),(1854,'Microelectronic circuits theory & application','2014','Sedra Adel S.','825','0',NULL,NULL,NULL,NULL),(1855,'Microelectronic circuits theory & application','2014','Sedra Adel S.','825','0',NULL,NULL,NULL,NULL),(1856,'Microelectronic circuits theory & application','2014','Sedra Adel S.','825','0',NULL,NULL,NULL,NULL),(1857,'Microelectronic circuits theory & application','2014','Sedra Adel S.','825','0',NULL,NULL,NULL,NULL),(1858,'Microelectronic circuits theory & application','2014','Sedra Adel S.','825','0',NULL,NULL,NULL,NULL),(1859,'Microelectronic circuits theory & application','2014','Sedra Adel S.','825','0',NULL,NULL,NULL,NULL),(1860,'Microelectronic circuits theory & application','2014','Sedra Adel S.','825','0',NULL,NULL,NULL,NULL),(1861,'Microelectronic circuits theory & application','2014','Sedra Adel S.','825','0',NULL,NULL,NULL,NULL),(1862,'Microelectronic circuits theory & application','2014','Sedra Adel S.','825','0',NULL,NULL,NULL,NULL),(1863,'Microelectronic circuits theory & application','2014','Sedra Adel S.','825','0',NULL,NULL,NULL,NULL),(1864,'Microelectronic circuits theory & application','2014','Sedra Adel S.','825','0',NULL,NULL,NULL,NULL),(1865,'Microelectronic circuits theory & application','2014','Sedra Adel S.','825','0',NULL,NULL,NULL,NULL),(1866,'Automatic Control systems','2014','Golnaraghi Farid','659','0',NULL,NULL,NULL,NULL),(1867,'Automatic Control systems','2014','Golnaraghi Farid','659','0',NULL,NULL,NULL,NULL),(1868,'Automatic Control systems','2014','Golnaraghi Farid','659','0',NULL,NULL,NULL,NULL),(1869,'Automatic Control systems','2014','Golnaraghi Farid','659','0',NULL,NULL,NULL,NULL),(1870,'Automatic Control systems','2014','Golnaraghi Farid','659','0',NULL,NULL,NULL,NULL),(1871,'Automatic Control systems','2014','Golnaraghi Farid','659','0',NULL,NULL,NULL,NULL),(1872,'Automatic Control systems','2014','Golnaraghi Farid','659','0',NULL,NULL,NULL,NULL),(1873,'Artifitial Intelligence','2016','Russell Stuart j.','829','0',NULL,NULL,NULL,NULL),(1874,'Artifitial Intelligence','2016','Russell Stuart j.','829','0',NULL,NULL,NULL,NULL),(1875,'Artifitial Intelligence','2016','Russell Stuart j.','829','0',NULL,NULL,NULL,NULL),(1876,'Artifitial Intelligence','2016','Russell Stuart j.','829','0',NULL,NULL,NULL,NULL),(1877,'Artifitial Intelligence','2016','Russell Stuart j.','829','0',NULL,NULL,NULL,NULL),(1878,'A First course in Artifitial Intelligence','2013','Khemani Deepak','575','0',NULL,NULL,NULL,NULL),(1879,'A First course in Artifitial Intelligence','2013','Khemani Deepak','575','0',NULL,NULL,NULL,NULL),(1880,'A First course in Artifitial Intelligence','2013','Khemani Deepak','575','0',NULL,NULL,NULL,NULL),(1881,'A First course in Artifitial Intelligence','2013','Khemani Deepak','575','0',NULL,NULL,NULL,NULL),(1882,'A First course in Artifitial Intelligence','2013','Khemani Deepak','575','0',NULL,NULL,NULL,NULL),(1883,' Behzad\"','Design of analog CMOS integrated circuits','\"Razavi','2016','715',NULL,NULL,NULL,NULL),(1884,' Behzad\"','Design of analog CMOS integrated circuits','\"Razavi','2016','715',NULL,NULL,NULL,NULL),(1885,' Behzad\"','Design of analog CMOS integrated circuits','\"Razavi','2016','715',NULL,NULL,NULL,NULL),(1886,' Behzad\"','Design of analog CMOS integrated circuits','\"Razavi','2016','715',NULL,NULL,NULL,NULL),(1887,' Behzad\"','Design of analog CMOS integrated circuits','\"Razavi','2016','715',NULL,NULL,NULL,NULL),(1888,' Behzad\"','Design of analog CMOS integrated circuits','\"Razavi','2016','715',NULL,NULL,NULL,NULL),(1889,' Behzad\"','Design of analog CMOS integrated circuits','\"Razavi','2016','715',NULL,NULL,NULL,NULL),(1890,' Behzad\"','Design of analog CMOS integrated circuits','\"Razavi','2016','715',NULL,NULL,NULL,NULL),(1891,' Behzad\"','Design of analog CMOS integrated circuits','\"Razavi','2016','715',NULL,NULL,NULL,NULL),(1892,' Behzad\"','Design of analog CMOS integrated circuits','\"Razavi','2016','715',NULL,NULL,NULL,NULL),(1893,' Behzad\"','Design of analog CMOS integrated circuits','\"Razavi','2016','715',NULL,NULL,NULL,NULL),(1894,' Behzad\"','Design of analog CMOS integrated circuits','\"Razavi','2016','715',NULL,NULL,NULL,NULL),(1895,' Behzad\"','Design of analog CMOS integrated circuits','\"Razavi','2016','715',NULL,NULL,NULL,NULL),(1896,' Behzad\"','Design of analog CMOS integrated circuits','\"Razavi','2016','715',NULL,NULL,NULL,NULL),(1897,' Behzad\"','Design of analog CMOS integrated circuits','\"Razavi','2016','715',NULL,NULL,NULL,NULL),(1898,' Behzad\"','Design of analog CMOS integrated circuits','\"Razavi','2016','715',NULL,NULL,NULL,NULL),(1899,'Learning Python','2014','Mark Lutz','1400','0',NULL,NULL,NULL,NULL),(1900,'Learning Python','2014','Mark Lutz','1400','0',NULL,NULL,NULL,NULL),(1901,' Wesley\"','Core Python applications programming','\"Chun','2016','629',NULL,NULL,NULL,NULL),(1902,' Wesley\"','Core Python applications programming','\"Chun','2016','629',NULL,NULL,NULL,NULL),(1903,' Wesley\"','Core Python applications programming','\"Chun','2016','629',NULL,NULL,NULL,NULL),(1904,' Wesley\"','Core Python applications programming','\"Chun','2016','629',NULL,NULL,NULL,NULL),(1905,' Wesley\"','Core Python applications programming','\"Chun','2016','629',NULL,NULL,NULL,NULL),(1906,'Computer as Components : Principles of embedd','2013','Wolf Marilyn','510','0',NULL,NULL,NULL,NULL),(1907,'Computer as Components : Principles of embedd','2013','Wolf Marilyn','510','0',NULL,NULL,NULL,NULL),(1908,'Computer as Components : Principles of embedd','2013','Wolf Marilyn','510','0',NULL,NULL,NULL,NULL),(1909,'Computer as Components : Principles of embedd','2013','Wolf Marilyn','510','0',NULL,NULL,NULL,NULL),(1910,'Computer as Components : Principles of embedd','2013','Wolf Marilyn','510','0',NULL,NULL,NULL,NULL),(1911,'Computer as Components : Principles of embedd','2013','Wolf Marilyn','510','0',NULL,NULL,NULL,NULL),(1912,'Computer as Components : Principles of embedd','2013','Wolf Marilyn','510','0',NULL,NULL,NULL,NULL),(1913,'Computer as Components : Principles of embedd','2013','Wolf Marilyn','510','0',NULL,NULL,NULL,NULL),(1914,'Computer as Components : Principles of embedd','2013','Wolf Marilyn','510','0',NULL,NULL,NULL,NULL),(1915,'Computer as Components : Principles of embedd','2013','Wolf Marilyn','510','0',NULL,NULL,NULL,NULL),(1916,'Computer as Components : Principles of embedd','2013','Wolf Marilyn','510','0',NULL,NULL,NULL,NULL),(1917,'Computer as Components : Principles of embedd','2013','Wolf Marilyn','510','0',NULL,NULL,NULL,NULL),(1918,'Computer as Components : Principles of embedd','2013','Wolf Marilyn','510','0',NULL,NULL,NULL,NULL),(1919,'Computer as Components : Principles of embedd','2013','Wolf Marilyn','510','0',NULL,NULL,NULL,NULL),(1920,'Computer as Components : Principles of embedd','2013','Wolf Marilyn','510','0',NULL,NULL,NULL,NULL),(1921,'GATE: Electronics and communication engineeri','2017','GKP','925','0',NULL,NULL,NULL,NULL),(1922,'GATE: Electronics and communication engineeri','2017','GKP','925','0',NULL,NULL,NULL,NULL),(1923,'GATE: Electronics and communication engineeri','2017','GKP','925','0',NULL,NULL,NULL,NULL),(1924,'GATE: Electronics and communication engineeri','2017','GKP','925','0',NULL,NULL,NULL,NULL),(1925,'GATE: Electronics and communication engineeri','2017','GKP','925','0',NULL,NULL,NULL,NULL),(1926,'Linear Integrated Circuits','2012','Roy Choudhury D.','350','0',NULL,NULL,NULL,NULL),(1927,'Linear Integrated Circuits','2012','Roy Choudhury D.','350','0',NULL,NULL,NULL,NULL),(1928,'Linear Integrated Circuits','2012','Roy Choudhury D.','350','0',NULL,NULL,NULL,NULL),(1929,'Linear Integrated Circuits','2012','Roy Choudhury D.','350','0',NULL,NULL,NULL,NULL),(1930,'Linear Integrated Circuits','2012','Roy Choudhury D.','350','0',NULL,NULL,NULL,NULL),(1931,'Linear Integrated Circuits','2012','Roy Choudhury D.','350','0',NULL,NULL,NULL,NULL),(1932,'Linear Integrated Circuits','2012','Roy Choudhury D.','350','0',NULL,NULL,NULL,NULL),(1933,'Linear Integrated Circuits','2012','Roy Choudhury D.','350','0',NULL,NULL,NULL,NULL),(1934,'Linear Integrated Circuits','2012','Roy Choudhury D.','350','0',NULL,NULL,NULL,NULL),(1935,'Linear Integrated Circuits','2012','Roy Choudhury D.','350','0',NULL,NULL,NULL,NULL),(1936,'\"Database Systems: Models',' Languages','Elmasri Rameez',' Design and application Programming\"','2014',NULL,NULL,NULL,NULL),(1937,'\"Database Systems: Models',' Languages','Elmasri Rameez',' Design and application Programming\"','2014',NULL,NULL,NULL,NULL),(1938,'\"Database Systems: Models',' Languages','Elmasri Rameez',' Design and application Programming\"','2014',NULL,NULL,NULL,NULL),(1939,'\"Database Systems: Models',' Languages','Elmasri Rameez',' Design and application Programming\"','2014',NULL,NULL,NULL,NULL),(1940,'\"Database Systems: Models',' Languages','Elmasri Rameez',' Design and application Programming\"','2014',NULL,NULL,NULL,NULL),(1941,' Agatha\"','Murder on the Orient Express','\"Christie','1998','250',NULL,NULL,NULL,NULL),(1942,' Agatha\"','The Mystery of the blue train','\"Christie','1998','250',NULL,NULL,NULL,NULL),(1943,' Agatha\"','Peril At the end House','\"Christie','1998','250',NULL,NULL,NULL,NULL),(1944,' Robin S.\"','The monk who sold his Ferrari : a fable about','\"Sharma','2016','199',NULL,NULL,NULL,NULL),(1945,'The Kite Runner','2013','Hosseini Khaled','499','0',NULL,NULL,NULL,NULL),(1946,' Jane\"','Jane Austen\'s Pride and prejudice','\"Austen','2009','350',NULL,NULL,NULL,NULL),(1947,' Jeffrey\"','Sons of fortune','\"Archer','2002','399',NULL,NULL,NULL,NULL),(1948,'Kennedy\'s Electronics communication Systems','2013','Kennedy George','699','0',NULL,NULL,NULL,NULL),(1949,'Kennedy\'s Electronics communication Systems','2013','Kennedy George','699','0',NULL,NULL,NULL,NULL),(1950,'Kennedy\'s Electronics communication Systems','2013','Kennedy George','699','0',NULL,NULL,NULL,NULL),(1951,'Kennedy\'s Electronics communication Systems','2013','Kennedy George','699','0',NULL,NULL,NULL,NULL),(1952,'Kennedy\'s Electronics communication Systems','2013','Kennedy George','699','0',NULL,NULL,NULL,NULL),(1953,'Mobile Cellular Telecommunications:Analog and','1995','William C.Y Lee','70','0',NULL,NULL,NULL,NULL),(1954,'Active and Passive analog filter Design: An I','1993','Lawrence P. Huelsman','70','0',NULL,NULL,NULL,NULL),(1955,'Wireless and Mobile Systems','2006','Dharma Prakashagarwal','70','0',NULL,NULL,NULL,NULL),(1956,'Wireless Communications :Principles and Pract','2004','Theodore S. Rappaport','70','0',NULL,NULL,NULL,NULL),(1957,'Principles of Wireless Networks: a unified ap','2004','Pahlavan Kaveh','70','0',NULL,NULL,NULL,NULL),(1958,'Digital Signal Processing: A computer Based A','2001','Sanjit .Mitra','70','0',NULL,NULL,NULL,NULL),(1959,'Optical Fiber Communications: Principles and ','2000','John Senior.M','70','0',NULL,NULL,NULL,NULL),(1960,'Antenna and wave Prapogation','1999','Prasad K.D','70','0',NULL,NULL,NULL,NULL),(1961,'The Java FAQ','1997','Jonni Kanerva','70','0',NULL,NULL,NULL,NULL),(1962,'C for Dummies','1996','Dan Gookin','70','0',NULL,NULL,NULL,NULL),(1963,'Teach Yourself C++','1997','AL Stevens','70','0',NULL,NULL,NULL,NULL),(1964,'Computer System Architecture','2001','M. Moris Mano','70','0',NULL,NULL,NULL,NULL),(1965,'UNIX Power Tools','1997','Jerry Peek','70','0',NULL,NULL,NULL,NULL),(1966,'Fundamentals of Computer algorithms','1995','Horowitz Ellis','70','0',NULL,NULL,NULL,NULL),(1967,'Internet working with TCP/IP','1997','Douglas E. Comer','70','0',NULL,NULL,NULL,NULL),(1968,'Advanced Wireless Networks','2009','Savo Glisic','70','0',NULL,NULL,NULL,NULL),(1969,'Modern Communication Circuits','1986','Jack smith','70','0',NULL,NULL,NULL,NULL),(1970,'Wireless Radio-Frequency Standards and System','2012','Gianluca Cornetta','70','0',NULL,NULL,NULL,NULL),(1971,'\"5G Radio Access Networks: Centralized RAN',' Cloud -RAN ','Hrishikesh Venkataraman',' and Virtualization of small cells\"','2017',NULL,NULL,NULL,NULL),(1972,'Science Today','1968','Uma','70','0',NULL,NULL,NULL,NULL),(1973,'\"Digital Signal Processing: Principles',' algorithms & Applications\"','Proakis G.John','2001','70',NULL,NULL,NULL,NULL),(1974,'The complete guide to C# Programming','2001','V K Jain','70','0',NULL,NULL,NULL,NULL),(1975,'ORACLE 8 PL/SQL Programming','1997','Scott Urman','70','0',NULL,NULL,NULL,NULL),(1976,'Principles of Compiler Design','1992','Alfred v Aho','70','0',NULL,NULL,NULL,NULL),(1977,'Computer Networks','2011','Andrew Tanenbaum','240','0',NULL,NULL,NULL,NULL),(1978,'C Programming FAQS','1996','Steven Summit','950','0',NULL,NULL,NULL,NULL),(1979,' Bradford L.\"','The microwave engineering handbook','\"Smith','2009','950',NULL,NULL,NULL,NULL),(1980,' Bradford L.\"','The microwave engineering handbook','\"Smith','2009','950',NULL,NULL,NULL,NULL),(1981,' Bradford L.\"','The microwave engineering handbook','\"Smith','2009','950',NULL,NULL,NULL,NULL),(1982,' Bradford L.\"','The microwave engineering handbook','\"Smith','2009','950',NULL,NULL,NULL,NULL),(1983,' Bradford L.\"','The microwave engineering handbook','\"Smith','2009','950',NULL,NULL,NULL,NULL),(1984,' Bradford L.\"','The microwave engineering handbook','\"Smith','2009','950',NULL,NULL,NULL,NULL),(1985,' Bradford L.\"','The microwave engineering handbook','\"Smith','2009','950',NULL,NULL,NULL,NULL),(1986,' Bradford L.\"','The microwave engineering handbook','\"Smith','2009','950',NULL,NULL,NULL,NULL),(1987,' Bradford L.\"','The microwave engineering handbook','\"Smith','2009','950',NULL,NULL,NULL,NULL),(1988,' Bradford L.\"','The microwave engineering handbook','\"Smith','2009','950',NULL,NULL,NULL,NULL),(1989,' Bradford L.\"','The microwave engineering handbook','\"Smith','2009','950',NULL,NULL,NULL,NULL),(1990,' Bradford L.\"','The microwave engineering handbook','\"Smith','2009','950',NULL,NULL,NULL,NULL),(1991,' Aftab\"','Data communication principles : for fixed and','\"Ahmad','2009','595',NULL,NULL,NULL,NULL),(1992,' Aftab\"','Data communication principles : for fixed and','\"Ahmad','2009','595',NULL,NULL,NULL,NULL),(1993,' Aftab\"','Data communication principles : for fixed and','\"Ahmad','2009','595',NULL,NULL,NULL,NULL),(1994,' Aftab\"','Data communication principles : for fixed and','\"Ahmad','2009','595',NULL,NULL,NULL,NULL),(1995,' Anthony T\"','Cloud computing : a practical approach','\"Velte','2010','635',NULL,NULL,NULL,NULL),(1996,' Anthony T\"','Cloud computing : a practical approach','\"Velte','2010','635',NULL,NULL,NULL,NULL),(1997,' Anthony T\"','Cloud computing : a practical approach','\"Velte','2010','635',NULL,NULL,NULL,NULL),(1998,' Anthony T\"','Cloud computing : a practical approach','\"Velte','2010','635',NULL,NULL,NULL,NULL),(1999,'Management science.','2016','A R Aryasri','299','0',NULL,NULL,NULL,NULL),(2000,'Management science.','2016','A R Aryasri','299','0',NULL,NULL,NULL,NULL),(2001,'Management science.','2016','A R Aryasri','299','0',NULL,NULL,NULL,NULL),(2002,'Management science.','2016','A R Aryasri','299','0',NULL,NULL,NULL,NULL),(2003,' Behrouz A.\"','TCP/IP protocol suite','\"Forouzan','2010','699',NULL,NULL,NULL,NULL),(2004,' Behrouz A.\"','TCP/IP protocol suite','\"Forouzan','2010','699',NULL,NULL,NULL,NULL),(2005,' Behrouz A.\"','TCP/IP protocol suite','\"Forouzan','2010','699',NULL,NULL,NULL,NULL),(2006,' Behrouz A.\"','TCP/IP protocol suite','\"Forouzan','2010','699',NULL,NULL,NULL,NULL),(2007,'Programming in C','2009','Ravi Reddy P','295','0',NULL,NULL,NULL,NULL),(2008,'Programming in C','2009','Ravi Reddy P','295','0',NULL,NULL,NULL,NULL),(2009,'Programming in C','2009','Ravi Reddy P','295','0',NULL,NULL,NULL,NULL),(2010,'Programming in C','2009','Ravi Reddy P','295','0',NULL,NULL,NULL,NULL),(2011,' Shalini\"','Principles of computer graphics : theory and ','\"Govil-Pai','2008','550',NULL,NULL,NULL,NULL),(2012,' Shalini\"','Principles of computer graphics : theory and ','\"Govil-Pai','2008','550',NULL,NULL,NULL,NULL),(2013,' Shalini\"','Principles of computer graphics : theory and ','\"Govil-Pai','2008','550',NULL,NULL,NULL,NULL),(2014,' Shalini\"','Principles of computer graphics : theory and ','\"Govil-Pai','2008','550',NULL,NULL,NULL,NULL),(2015,'Material science and processes','2008','Muralidhara M. K','180','0',NULL,NULL,NULL,NULL),(2016,'Material science and processes','2008','Muralidhara M. K','180','0',NULL,NULL,NULL,NULL),(2017,' Devdas\"','Mechatronics system design','\"Shetty','2008','399',NULL,NULL,NULL,NULL),(2018,' Devdas\"','Mechatronics system design','\"Shetty','2008','399',NULL,NULL,NULL,NULL),(2019,' Sidney H.\"','Introduction to physical metallurgy','\"Avner','2015','665',NULL,NULL,NULL,NULL),(2020,' Sidney H.\"','Introduction to physical metallurgy','\"Avner','2015','665',NULL,NULL,NULL,NULL),(2021,'Engineering mechanics.','2010','Ramamrutham','330','0',NULL,NULL,NULL,NULL),(2022,'Engineering mechanics.','2010','Ramamrutham','330','0',NULL,NULL,NULL,NULL),(2023,' Donald R\"','The science and engineering of materials','\"Askeland','2010','599',NULL,NULL,NULL,NULL),(2024,' Donald R\"','The science and engineering of materials','\"Askeland','2010','599',NULL,NULL,NULL,NULL),(2025,'Higher Engineering Mathematics','2015','Grewal B.S','725','0',NULL,NULL,NULL,NULL),(2026,'Higher Engineering Mathematics','2015','Grewal B.S','725','0',NULL,NULL,NULL,NULL),(2027,' Frederick F\"','Fundamentals of surface mechanics : with appl','\"Ling','2009','495',NULL,NULL,NULL,NULL),(2028,' Frederick F\"','Fundamentals of surface mechanics : with appl','\"Ling','2009','495',NULL,NULL,NULL,NULL),(2029,' Eronini\"','System dynamics and control','\"Umez-Eronini','1999','475',NULL,NULL,NULL,NULL),(2030,' Eronini\"','System dynamics and control','\"Umez-Eronini','1999','475',NULL,NULL,NULL,NULL),(2031,'Engineering thermodynamics','2016','Nag P K','599','0',NULL,NULL,NULL,NULL),(2032,'Heat and mass transfer','2013','Domkundwar','160','0',NULL,NULL,NULL,NULL),(2033,'Heat and mass transfer','2013','Domkundwar','160','0',NULL,NULL,NULL,NULL),(2034,' Leon K.\"','Economic operation of power systems','\"Kirchmayer','2009','495',NULL,NULL,NULL,NULL),(2035,' Leon K.\"','Economic operation of power systems','\"Kirchmayer','2009','495',NULL,NULL,NULL,NULL),(2036,'Digital communication','2016','Sanjay Sharma','425','0',NULL,NULL,NULL,NULL),(2037,'Digital communication','2016','Sanjay Sharma','425','0',NULL,NULL,NULL,NULL),(2038,' Bassem R.\"','Radar systems analysis and design using MATLA','\"Mahafza','2005','795',NULL,NULL,NULL,NULL),(2039,' Bassem R.\"','Radar systems analysis and design using MATLA','\"Mahafza','2005','795',NULL,NULL,NULL,NULL),(2040,'Mobile Cellular Telecommunications:Analog and','1995','William C.Y Lee','585','0',NULL,NULL,NULL,NULL),(2041,'Mobile Cellular Telecommunications:Analog and','1995','William C.Y Lee','585','0',NULL,NULL,NULL,NULL),(2042,' D. P\"','Electric machines','\"Kothari','2016','595',NULL,NULL,NULL,NULL),(2043,' D. P\"','Electric machines','\"Kothari','2016','595',NULL,NULL,NULL,NULL),(2044,' Ray\"','Wireless Web development','\"Rischpater','2008','395',NULL,NULL,NULL,NULL),(2045,' Ray\"','Wireless Web development','\"Rischpater','2008','395',NULL,NULL,NULL,NULL),(2046,' Robert J.\"','Fundamentals of digital signal processing usi','\"Schilling','2008','495',NULL,NULL,NULL,NULL),(2047,' Robert J.\"','Fundamentals of digital signal processing usi','\"Schilling','2008','495',NULL,NULL,NULL,NULL),(2048,' Agatha\"','The ABC Murders','\"Christie','1936','250',NULL,NULL,NULL,NULL),(2049,' Agatha\"','The Murder of Roger Ackroyd','\"Christie','2002','250',NULL,NULL,NULL,NULL),(2050,' Agatha\"','Spiders Web','\"Christie','2001','199',NULL,NULL,NULL,NULL),(2051,' Agatha\"','And Then there were none','\"Christie','2007','176',NULL,NULL,NULL,NULL),(2052,'Half Girlfriend','2014','Chetan Bhagat','176','0',NULL,NULL,NULL,NULL),(2053,'The 3 mistakes of life','2008','Chetan Bhagat','250','0',NULL,NULL,NULL,NULL),(2054,' Dan','\"','\"Brown','The Da Vinci Code','2003',NULL,NULL,NULL,NULL),(2055,' Dan','\"','\"Brown','Angles and Demos','2009',NULL,NULL,NULL,NULL),(2056,' Dan','\"','\"Brown','Digital Fortress','2009',NULL,NULL,NULL,NULL),(2057,' H. Vincent\"','An introduction to signal detection and estim','\"Poor','2016','6014',NULL,NULL,NULL,NULL),(2058,' H. Vincent\"','An introduction to signal detection and estim','\"Poor','2016','6014',NULL,NULL,NULL,NULL),(2059,' David\"','Applied Information Security : a Hands-on App','\"Basin','2016','1248',NULL,NULL,NULL,NULL),(2060,' David\"','Applied Information Security : a Hands-on App','\"Basin','2016','1248',NULL,NULL,NULL,NULL),(2061,' Sugato\"','\"Constrained clustering : advances in algorit','\"Basu',' theory',' and applications\"',NULL,NULL,NULL,NULL),(2062,'\"Silicon Carbide and Related Materials',' 2015\"','Fabrizio Roccaforte','2015','19740',NULL,NULL,NULL,NULL),(2063,' Matt\"','Physically based rendering : from theory to i','\"Pharr','2017','7499',NULL,NULL,NULL,NULL),(2064,' Trevor.\"','\"The elements of statistical learning : data ','\"Hastie',' inference',' and prediction : with 200 full-color illustr',NULL,NULL,NULL,NULL),(2065,'Computer Vision: A Modren approach','2015','Forsyth','584','0',NULL,NULL,NULL,NULL),(2066,'\"','Neurofunctional systems : 3D reconstructions ','\"Kretschmann','1998','9900',NULL,NULL,NULL,NULL),(2067,' Berthold\"','Robot vision','\"Horn','1986','7520',NULL,NULL,NULL,NULL),(2068,' Richard S\"','Reinforcement learning : an introduction','\"Sutton','1992','5115',NULL,NULL,NULL,NULL),(2069,' Bin\"','Local image descriptor : modern approaches.','\"Fan','2015','4319',NULL,NULL,NULL,NULL),(2070,'Deep Learning','2016','Ian Goodfellow','3943','0',NULL,NULL,NULL,NULL),(2071,' Matti\"','Computer Vision Using Local Binary Patterns','\"Pietikinen','2011','6067',NULL,NULL,NULL,NULL),(2072,' Yin\"','\"3D-TV system with depth-image-based renderin','\"Zhao',' techniques',' and challenges\"',NULL,NULL,NULL,NULL),(2073,'Circuits and Networks: Analysis and Syntesis','2015','Sudhakar A','525','0',NULL,NULL,NULL,NULL),(2074,'Circuits and Networks: Analysis and Syntesis','2015','Sudhakar A','525','0',NULL,NULL,NULL,NULL),(2075,'Circuits and Networks: Analysis and Syntesis','2015','Sudhakar A','525','0',NULL,NULL,NULL,NULL),(2076,'Circuits and Networks: Analysis and Syntesis','2015','Sudhakar A','525','0',NULL,NULL,NULL,NULL),(2077,'Circuits and Networks: Analysis and Syntesis','2015','Sudhakar A','525','1',NULL,NULL,NULL,NULL),(2078,'Circuits and Networks: Analysis and Syntesis','2015','Sudhakar A','525','0',NULL,NULL,NULL,NULL),(2079,'Circuits and Networks: Analysis and Syntesis','2015','Sudhakar A','525','0',NULL,NULL,NULL,NULL),(2080,'Circuits and Networks: Analysis and Syntesis','2015','Sudhakar A','525','0',NULL,NULL,NULL,NULL),(2081,'Circuits and Networks: Analysis and Syntesis','2015','Sudhakar A','525','0',NULL,NULL,NULL,NULL),(2082,'Circuits and Networks: Analysis and Syntesis','2015','Sudhakar A','525','0',NULL,NULL,NULL,NULL),(2083,'Circuits and Networks: Analysis and Syntesis','2015','Sudhakar A','525','0',NULL,NULL,NULL,NULL),(2084,'Circuits and Networks: Analysis and Syntesis','2015','Sudhakar A','525','0',NULL,NULL,NULL,NULL),(2085,'Circuits and Networks: Analysis and Syntesis','2015','Sudhakar A','525','0',NULL,NULL,NULL,NULL),(2086,'Circuits and Networks: Analysis and Syntesis','2015','Sudhakar A','525','0',NULL,NULL,NULL,NULL),(2087,'Circuits and Networks: Analysis and Syntesis','2015','Sudhakar A','525','0',NULL,NULL,NULL,NULL),(2088,'Circuits and Networks: Analysis and Syntesis','2015','Sudhakar A','525','0',NULL,NULL,NULL,NULL),(2089,'Circuits and Networks: Analysis and Syntesis','2015','Sudhakar A','525','0',NULL,NULL,NULL,NULL),(2090,'Circuits and Networks: Analysis and Syntesis','2015','Sudhakar A','525','0',NULL,NULL,NULL,NULL),(2091,'Circuits and Networks: Analysis and Syntesis','2015','Sudhakar A','525','0',NULL,NULL,NULL,NULL),(2092,'Circuits and Networks: Analysis and Syntesis','2015','Sudhakar A','525','0',NULL,NULL,NULL,NULL),(2093,'Signals and systems','2015','Oppenheim v. Alan','629','0',NULL,NULL,NULL,NULL),(2094,'Operating Systems: Internals and Design Princ','2015','Stallings William','819','0',NULL,NULL,NULL,NULL),(2095,'Operating Systems Concepts','2015','Silberschatz Abraham','619','0',NULL,NULL,NULL,NULL),(2096,'Operating Systems Concepts','2015','Silberschatz Abraham','619','0',NULL,NULL,NULL,NULL),(2097,'Introduction to Automat theory languages and ','2011','hopcroft E.John','729','0',NULL,NULL,NULL,NULL),(2098,'Introduction to Automat theory languages and ','2011','hopcroft E.John','729','0',NULL,NULL,NULL,NULL),(2099,'Introduction to The theory of Computation','2015','Sipser Michael','499','0',NULL,NULL,NULL,NULL),(2100,'Computer Networks : a Top down approach','2015','Kurose James F.','779','0',NULL,NULL,NULL,NULL),(2101,'Computer Networks : a Top down approach','2015','Kurose James F.','779','0',NULL,NULL,NULL,NULL),(2102,'Computer Networks : a Top down approach','2015','Kurose James F.','779','0',NULL,NULL,NULL,NULL),(2103,'Computer Networks : a Top down approach','2015','Kurose James F.','779','0',NULL,NULL,NULL,NULL),(2104,'Computer Networks : a Top down approach','2015','Kurose James F.','779','0',NULL,NULL,NULL,NULL),(2105,' Andrew S\"','computer Networks','\"Tanenbaum','2016','699',NULL,NULL,NULL,NULL),(2106,' Andrew S\"','computer Networks','\"Tanenbaum','2016','699',NULL,NULL,NULL,NULL),(2107,' Andrew S\"','computer Networks','\"Tanenbaum','2016','699',NULL,NULL,NULL,NULL),(2108,'CMOS VLSI Design','2015','Weste Neil H.E.','879','0',NULL,NULL,NULL,NULL),(2109,'CMOS VLSI Design','2015','Weste Neil H.E.','879','0',NULL,NULL,NULL,NULL),(2110,'CMOS VLSI Design','2015','Weste Neil H.E.','879','0',NULL,NULL,NULL,NULL),(2111,'CMOS VLSI Design','2015','Weste Neil H.E.','879','0',NULL,NULL,NULL,NULL),(2112,'CMOS VLSI Design','2015','Weste Neil H.E.','879','0',NULL,NULL,NULL,NULL),(2113,'Basic VLSI Design','2015','Pucknell Douglas A.','375','0',NULL,NULL,NULL,NULL),(2114,'Basic VLSI Design','2015','Pucknell Douglas A.','375','0',NULL,NULL,NULL,NULL),(2115,'Basic VLSI Design','2015','Pucknell Douglas A.','375','0',NULL,NULL,NULL,NULL),(2116,'Basic VLSI Design','2015','Pucknell Douglas A.','375','0',NULL,NULL,NULL,NULL),(2117,'Basic VLSI Design','2015','Pucknell Douglas A.','375','0',NULL,NULL,NULL,NULL),(2118,'Digital Image Processing','2016','Gonzalez Rafael C.','899','0',NULL,NULL,NULL,NULL),(2119,'Digital Image Processing','2016','Gonzalez Rafael C.','899','0',NULL,NULL,NULL,NULL),(2120,'Digital Image Processing','2016','Gonzalez Rafael C.','899','0',NULL,NULL,NULL,NULL),(2121,'Digital Image Processing','2016','Gonzalez Rafael C.','899','0',NULL,NULL,NULL,NULL),(2122,'Digital Image Processing','2016','Gonzalez Rafael C.','899','0',NULL,NULL,NULL,NULL),(2123,'Principles of electromagnetics','2016','Sadiku Matthew N.O.','699','0',NULL,NULL,NULL,NULL),(2124,'Principles of electromagnetics','2016','Sadiku Matthew N.O.','699','0',NULL,NULL,NULL,NULL),(2125,'Principles of electromagnetics','2016','Sadiku Matthew N.O.','699','0',NULL,NULL,NULL,NULL),(2126,'Principles of electromagnetics','2016','Sadiku Matthew N.O.','699','0',NULL,NULL,NULL,NULL),(2127,'Principles of electromagnetics','2016','Sadiku Matthew N.O.','699','0',NULL,NULL,NULL,NULL),(2128,'Digital Communications','2014','Proakis G.John','895','0',NULL,NULL,NULL,NULL),(2129,'Digital Communications','2014','Proakis G.John','895','0',NULL,NULL,NULL,NULL),(2130,'Digital Communications','2014','Proakis G.John','895','0',NULL,NULL,NULL,NULL),(2131,'Digital Communications','2014','Proakis G.John','895','0',NULL,NULL,NULL,NULL),(2132,'Digital Communications','2014','Proakis G.John','895','0',NULL,NULL,NULL,NULL),(2133,'Digital Communications','2014','Proakis G.John','895','0',NULL,NULL,NULL,NULL),(2134,'Digital Communications','2014','Proakis G.John','895','0',NULL,NULL,NULL,NULL),(2135,'Modern Electronic instrumentation and measure','2016','Helfrick Albert.D','499','0',NULL,NULL,NULL,NULL),(2136,'Modern Electronic instrumentation and measure','2016','Helfrick Albert.D','499','0',NULL,NULL,NULL,NULL),(2137,'Modern Electronic instrumentation and measure','2016','Helfrick Albert.D','499','0',NULL,NULL,NULL,NULL),(2138,'Modern Electronic instrumentation and measure','2016','Helfrick Albert.D','499','0',NULL,NULL,NULL,NULL),(2139,'Modern Electronic instrumentation and measure','2016','Helfrick Albert.D','499','0',NULL,NULL,NULL,NULL),(2140,' Jiawei\"','Data mining : concepts and techniques','\"Han','2015','565',NULL,NULL,NULL,NULL),(2141,' Jiawei\"','Data mining : concepts and techniques','\"Han','2015','565',NULL,NULL,NULL,NULL),(2142,' Pang-Ning\"','Introduction to data mining','\"Tan','2016','729',NULL,NULL,NULL,NULL),(2143,' Pang-Ning\"','Introduction to data mining','\"Tan','2016','729',NULL,NULL,NULL,NULL),(2144,'Introduction to infromation Retrieval','2014','Manning Christopher.D','695','0',NULL,NULL,NULL,NULL),(2145,'Introduction to infromation Retrieval','2014','Manning Christopher.D','695','0',NULL,NULL,NULL,NULL),(2146,'Introduction to infromation Retrieval','2014','Manning Christopher.D','695','0',NULL,NULL,NULL,NULL),(2147,'Introduction to infromation Retrieval','2014','Manning Christopher.D','695','0',NULL,NULL,NULL,NULL),(2148,'Introduction to infromation Retrieval','2014','Manning Christopher.D','695','0',NULL,NULL,NULL,NULL),(2149,' Dominick\"','Managerial Economics :Principles and worldwid','\"Salvatore','2016','695',NULL,NULL,NULL,NULL),(2150,' Dominick\"','Managerial Economics :Principles and worldwid','\"Salvatore','2016','695',NULL,NULL,NULL,NULL),(2151,'Communication Systems','2010','Haykin Simon','639','0',NULL,NULL,NULL,NULL),(2152,'Communication Systems','2010','Haykin Simon','639','0',NULL,NULL,NULL,NULL),(2153,'Communication Systems','2010','Haykin Simon','639','0',NULL,NULL,NULL,NULL),(2154,'Communication Systems','2010','Haykin Simon','639','0',NULL,NULL,NULL,NULL),(2155,'Communication Systems','2010','Haykin Simon','639','0',NULL,NULL,NULL,NULL),(2156,'Communication Systems an Introduction to Sign','2012','Carlson A. Bruce','815','0',NULL,NULL,NULL,NULL),(2157,'Communication Systems Engineering','2015','Proakis John G.','619','0',NULL,NULL,NULL,NULL),(2158,' John\"','Advanced Machine Learning with Python : solve','\"Hearty','2016','1200',NULL,NULL,NULL,NULL),(2159,' John\"','Advanced Machine Learning with Python : solve','\"Hearty','2016','1200',NULL,NULL,NULL,NULL),(2160,' Kiran R.\"','Building probabilistic graphical models with ','\"Karkera','2014','1200',NULL,NULL,NULL,NULL),(2161,' Kiran R.\"','Building probabilistic graphical models with ','\"Karkera','2014','1200',NULL,NULL,NULL,NULL),(2162,' Stephen R\"','The seven habits of highly effective people :','\"Covey','2004','599',NULL,NULL,NULL,NULL),(2163,' Stephen R\"','The seven habits of highly effective people :','\"Covey','2004','599',NULL,NULL,NULL,NULL),(2164,' Jack','\"','\"Canfield','The success principles : how to get from wher','2016',NULL,NULL,NULL,NULL),(2165,' Jack','\"','\"Canfield','The success principles : how to get from wher','2016',NULL,NULL,NULL,NULL),(2166,' Stephen R\"','The 8th habit : from effectiveness to greatne','\"Covey','2007','599',NULL,NULL,NULL,NULL),(2167,' Stephen R\"','The 8th habit : from effectiveness to greatne','\"Covey','2007','599',NULL,NULL,NULL,NULL),(2168,' Eckhart\"','The power of now : a guide to spiritual enlig','\"Tolle','1999','395',NULL,NULL,NULL,NULL),(2169,' Eckhart\"','The power of now : a guide to spiritual enlig','\"Tolle','1999','395',NULL,NULL,NULL,NULL),(2170,'A Modern introduction to linear algebra','2015','DAVID POOLE','395','0',NULL,NULL,NULL,NULL),(2171,'CMOS VLSI Design','2015','Weste Neil H.E.','879','0',NULL,NULL,NULL,NULL),(2172,'CMOS VLSI Design','2015','Weste Neil H.E.','879','0',NULL,NULL,NULL,NULL),(2173,'CMOS VLSI Design','2015','Weste Neil H.E.','879','0',NULL,NULL,NULL,NULL),(2174,'CMOS VLSI Design','2015','Weste Neil H.E.','879','0',NULL,NULL,NULL,NULL),(2175,'CMOS VLSI Design','2015','Weste Neil H.E.','879','0',NULL,NULL,NULL,NULL),(2176,'PATTERN CLASSIFICATION','2017','RICHARD O.DUDA','809','0',NULL,NULL,NULL,NULL),(2177,'PATTERN CLASSIFICATION','2017','RICHARD O.DUDA','809','0',NULL,NULL,NULL,NULL),(2178,'PATTERN CLASSIFICATION','2017','RICHARD O.DUDA','809','0',NULL,NULL,NULL,NULL),(2179,'PATTERN CLASSIFICATION','2017','RICHARD O.DUDA','809','0',NULL,NULL,NULL,NULL),(2180,'PATTERN CLASSIFICATION','2017','RICHARD O.DUDA','809','0',NULL,NULL,NULL,NULL),(2181,'CMOS','2015','R.Jacob Baker','779','0',NULL,NULL,NULL,NULL),(2182,'CMOS','2015','R.Jacob Baker','779','0',NULL,NULL,NULL,NULL),(2183,'CMOS','2015','R.Jacob Baker','779','0',NULL,NULL,NULL,NULL),(2184,'CMOS','2015','R.Jacob Baker','779','0',NULL,NULL,NULL,NULL),(2185,'CMOS','2015','R.Jacob Baker','779','0',NULL,NULL,NULL,NULL),(2186,'Pattern Recognition and Machine Learning','2015','Christopher M.Bishop','70.95','0',NULL,NULL,NULL,NULL),(2187,'Pattern Recognition and Machine Learning','2015','Christopher M.Bishop','70.95','0',NULL,NULL,NULL,NULL),(2188,'Pattern Recognition and Machine Learning','2015','Christopher M.Bishop','70.95','0',NULL,NULL,NULL,NULL),(2189,'Pattern Recognition and Machine Learning','2015','Christopher M.Bishop','70.95','0',NULL,NULL,NULL,NULL),(2190,'Pattern Recognition and Machine Learning','2015','Christopher M.Bishop','70.95','0',NULL,NULL,NULL,NULL),(2191,'VLSI Design','2016','V.S.Bagad','220','0',NULL,NULL,NULL,NULL),(2192,'Digital Image Processing','2016','S.Sridhar','220','0',NULL,NULL,NULL,NULL),(2193,'Fundamentals of Logic Design','2015','Charless H.Roth','693','0',NULL,NULL,NULL,NULL),(2194,'Simplifying C','2015','Harshal Arolkar','349','0',NULL,NULL,NULL,NULL),(2195,'Computer concepts and C programing','2014','Vikas Gupta','449','0',NULL,NULL,NULL,NULL),(2196,'Engineering and Computer Science','2014','Vikas Gupta','449','0',NULL,NULL,NULL,NULL),(2197,'Basic Electrical Engineering','2014','N k De','333','0',NULL,NULL,NULL,NULL),(2198,'English and Communication skills for science ','2013','S.P.Dhanavel','295','0',NULL,NULL,NULL,NULL),(2199,'Basic Electrical Engineering','2016','Dr.Debashisha jena','375','0',NULL,NULL,NULL,NULL),(2200,'English for engineers and technologists','2012','Debaprasad das','275','0',NULL,NULL,NULL,NULL),(2201,'Data Mining Techniques','2017','Arun K Pujari','450','0',NULL,NULL,NULL,NULL),(2202,'C Programing Labaratory','2017','Dr.Nandini','209','0',NULL,NULL,NULL,NULL),(2203,'Mathematics (Catalogue)2017','2017','Nandini','209','0',NULL,NULL,NULL,NULL),(2204,'The state of Wild life in North East India(19','2011','Pankaj Sekhsaria','459','0',NULL,NULL,NULL,NULL),(2205,'Discrete Mathematics and Its applications','2016','Susanna S.Epp','500','0',NULL,NULL,NULL,NULL),(2206,'Humanities (catalogue 2016-17)','2014','R.Jacob Baker','600','0',NULL,NULL,NULL,NULL),(2207,'IDBRT Journal of BANKING TECHNOLOGY','2017','DrA S Ramasastri','595','0',NULL,NULL,NULL,NULL),(2208,'Land use Land cover Atlas of India','2012','Manik Chand','499','0',NULL,NULL,NULL,NULL),(2209,' Walter H. G\"','For the love of physics : from the end of the','\"Lewin','2012','499',NULL,NULL,NULL,NULL),(2210,'Man Search for Meaning','2008','Viktore E.frankl','299','0',NULL,NULL,NULL,NULL),(2211,'The Elegant Universe','2003','Greene Brian','650','0',NULL,NULL,NULL,NULL),(2212,'Grammer in Practice','2013','Roger Gower','90','0',NULL,NULL,NULL,NULL),(2213,'Grammer in Practice','2011','Roger Gower','80','0',NULL,NULL,NULL,NULL),(2214,'Grammer in Practice','2013','Roger Gower','90','0',NULL,NULL,NULL,NULL),(2215,'Lean IN( Women Work and the will to lead','2015','SHERYL SANDBERG','599','0',NULL,NULL,NULL,NULL),(2216,'Microelectronic circuits theory & application','2018','Adel S.Sedra','850','0',NULL,NULL,NULL,NULL),(2217,'Microelectronic circuits theory & application','2018','Adel S.Sedra','850','0',NULL,NULL,NULL,NULL),(2218,'Microelectronic circuits theory & application','2018','Adel S.Sedra','850','0',NULL,NULL,NULL,NULL),(2219,'Microelectronic circuits theory & application','2018','Adel S.Sedra','850','0',NULL,NULL,NULL,NULL),(2220,'Microelectronic circuits theory & application','2018','Adel S.Sedra','850','0',NULL,NULL,NULL,NULL),(2221,'Microelectronic circuits theory & application','2018','Adel S.Sedra','850','0',NULL,NULL,NULL,NULL),(2222,'Microelectronic circuits theory & application','2018','Adel S.Sedra','850','0',NULL,NULL,NULL,NULL),(2223,'Microelectronic circuits theory & application','2018','Adel S.Sedra','850','0',NULL,NULL,NULL,NULL),(2224,'Microelectronic circuits theory & application','2018','Adel S.Sedra','850','0',NULL,NULL,NULL,NULL),(2225,'Microelectronic circuits theory & application','2018','Adel S.Sedra','850','0',NULL,NULL,NULL,NULL),(2226,'Microelectronic circuits theory & application','2018','Adel S.Sedra','850','0',NULL,NULL,NULL,NULL),(2227,'Microelectronic circuits theory & application','2018','Adel S.Sedra','850','0',NULL,NULL,NULL,NULL),(2228,'Microelectronic circuits theory & application','2018','Adel S.Sedra','850','0',NULL,NULL,NULL,NULL),(2229,'Microelectronic circuits theory & application','2018','Adel S.Sedra','850','0',NULL,NULL,NULL,NULL),(2230,'Microelectronic circuits theory & application','2018','Adel S.Sedra','850','0',NULL,NULL,NULL,NULL),(2231,'Microelectronic circuits theory & application','2018','Adel S.Sedra','850','0',NULL,NULL,NULL,NULL),(2232,'Microelectronic circuits theory & application','2018','Adel S.Sedra','850','0',NULL,NULL,NULL,NULL),(2233,'Microelectronic circuits theory & application','2018','Adel S.Sedra','850','0',NULL,NULL,NULL,NULL),(2234,'Microelectronic circuits theory & application','2018','Adel S.Sedra','850','0',NULL,NULL,NULL,NULL),(2235,'Microelectronic circuits theory & application','2018','Adel S.Sedra','850','1',NULL,NULL,NULL,NULL),(2236,'Microelectronic circuits theory & application','2018','Adel S.Sedra','850','1',NULL,NULL,NULL,NULL),(2237,'Microelectronic circuits theory & application','2018','Adel S.Sedra','850','1',NULL,NULL,NULL,NULL),(2238,'Microelectronic circuits theory & application','2018','Adel S.Sedra','850','1',NULL,NULL,NULL,NULL),(2239,'Microelectronic circuits theory & application','2018','Adel S.Sedra','850','1',NULL,NULL,NULL,NULL),(2240,'Microelectronic circuits theory & application','2018','Adel S.Sedra','850','1',NULL,NULL,NULL,NULL),(2241,'Microelectronic circuits theory & application','2018','Adel S.Sedra','850','1',NULL,NULL,NULL,NULL),(2242,'Microelectronic circuits theory & application','2018','Adel S.Sedra','850','1',NULL,NULL,NULL,NULL),(2243,'Microelectronic circuits theory & application','2018','Adel S.Sedra','850','1',NULL,NULL,NULL,NULL),(2244,'Microelectronic circuits theory & application','2018','Adel S.Sedra','850','1',NULL,NULL,NULL,NULL),(2245,'Microelectronic circuits theory & application','2018','Adel S.Sedra','850','1',NULL,NULL,NULL,NULL),(2246,'Introduction to algorithms','2009','Cormen H.Thomas','1695','1',NULL,NULL,NULL,NULL),(2247,'Introduction to algorithms','2009','Cormen H.Thomas','1695','1',NULL,NULL,NULL,NULL),(2248,'Introduction to algorithms','2009','Cormen H.Thomas','1695','1',NULL,NULL,NULL,NULL),(2249,'Introduction to algorithms','2009','Cormen H.Thomas','1695','1',NULL,NULL,NULL,NULL),(2250,'Introduction to algorithms','2009','Cormen H.Thomas','1695','1',NULL,NULL,NULL,NULL),(2251,'Advance Engineering Mathematics','2017','Kreyszig Erwin','809','1',NULL,NULL,NULL,NULL),(2252,'Advance Engineering Mathematics','2017','Kreyszig Erwin','809','1',NULL,NULL,NULL,NULL),(2253,'Advance Engineering Mathematics','2017','Kreyszig Erwin','809','1',NULL,NULL,NULL,NULL),(2254,'Data Structures Using C and C ++','2017','Langsam Yedidyah','549','1',NULL,NULL,NULL,NULL),(2255,'Data Structures Using C and C ++','2017','Langsam Yedidyah','549','1',NULL,NULL,NULL,NULL),(2256,'Data Structures Using C and C ++','2017','Langsam Yedidyah','549','1',NULL,NULL,NULL,NULL),(2257,'Distributed systems: Principles and Paradigms','2016','Tanenbaum Andrew S.','629','1',NULL,NULL,NULL,NULL),(2258,'Distributed systems: Principles and Paradigms','2016','Tanenbaum Andrew S.','629','1',NULL,NULL,NULL,NULL),(2259,'Distributed systems: Principles and Paradigms','2016','Tanenbaum Andrew S.','629','1',NULL,NULL,NULL,NULL),(2260,'Distributed systems: Principles and Paradigms','2016','Tanenbaum Andrew S.','629','1',NULL,NULL,NULL,NULL),(2261,'COMPUTER VISION Models Learnings and inferenc','2017','Simon J.D.Prince','5735','1',NULL,NULL,NULL,NULL),(2262,'COMPUTER VISION Models Learnings and inferenc','2017','Simon J.D.Prince','5735','1',NULL,NULL,NULL,NULL),(2263,'Computer Vision : Algorithms and applications','2011','Szeliski Richard','5429','1',NULL,NULL,NULL,NULL),(2264,'Computer Vision : Algorithms and applications','2011','Szeliski Richard','5429','1',NULL,NULL,NULL,NULL),(2265,'Computer Vision : Algorithms and applications','2011','Szeliski Richard','5429','1',NULL,NULL,NULL,NULL),(2266,'Computer Vision : Algorithms and applications','2011','Szeliski Richard','5429','1',NULL,NULL,NULL,NULL),(2267,'Computer Vision : Algorithms and applications','2011','Szeliski Richard','5429','1',NULL,NULL,NULL,NULL),(2268,'Solid State Microelectronic and Optoelectroni','2012','Chandan kumar sarkar','246','1',NULL,NULL,NULL,NULL),(2269,'Solid State Microelectronic and Optoelectroni','2012','Chandan kumar sarkar','246','1',NULL,NULL,NULL,NULL),(2270,'Semiconducter Optoelectronic Devices','2017','Pallab bhattacharya','649','1',NULL,NULL,NULL,NULL),(2271,'Semiconducter Optoelectronic Devices','2017','Pallab bhattacharya','649','1',NULL,NULL,NULL,NULL),(2272,'PATTERN CLASSIFICATION','2017','RICHARD O.DUDA','789','1',NULL,NULL,NULL,NULL),(2273,'Machine Learning  A Bayesian  and Optimizatio','2015','Dr.Sergios Theodoridis','5257','1',NULL,NULL,NULL,NULL),(2274,'System parameter indentification information ','2013','Badong Chen','8428','1',NULL,NULL,NULL,NULL),(2275,'Guide to Computer Network Security','2017','Joseph Migga Kizza','4656','1',NULL,NULL,NULL,NULL),(2276,'NLP The Essential Guide','2013','Tom Hoobyar','699','1',NULL,NULL,NULL,NULL),(2277,'Quantum Computing Since Democritus','2013','SCOTT AARONSON','3044','1',NULL,NULL,NULL,NULL),(2278,'Quantum Computer Science an introduction','2016','N.David Mermin','3923','1',NULL,NULL,NULL,NULL),(2279,'Programing Collective Intelligence','2017','SEGARAN','775','1',NULL,NULL,NULL,NULL),(2280,'Quantum Computing A Gentle Introduction','2014','Eleanor Rieffel','2840','1',NULL,NULL,NULL,NULL),(2281,'Modern Cryptography Theory and Practice','2017','Wenbo Mao','859','1',NULL,NULL,NULL,NULL),(2282,'Applied Cryptography protocals Algorithms and','2011','Bruice Schneier','585','1',NULL,NULL,NULL,NULL),(2283,'Machine Learning A probabilistic Perspective','2012','Kevin P. Murphy','5120','1',NULL,NULL,NULL,NULL),(2284,'The Object-Oriented Thought Process','2013','Matt Weisfeld','3581','1',NULL,NULL,NULL,NULL),(2285,'\"Database Systems: Models',' Languages','Elmasri Rameez',' Design and application Programming\"','2014',NULL,NULL,NULL,NULL),(2286,'\"Database Systems: Models',' Languages','Elmasri Rameez',' Design and application Programming\"','2014',NULL,NULL,NULL,NULL),(2287,'\"Database Systems: Models',' Languages','Elmasri Rameez',' Design and application Programming\"','2014',NULL,NULL,NULL,NULL),(2288,'\"Database Systems: Models',' Languages','Elmasri Rameez',' Design and application Programming\"','2014',NULL,NULL,NULL,NULL),(2289,'\"Database Systems: Models',' Languages','Elmasri Rameez',' Design and application Programming\"','2014',NULL,NULL,NULL,NULL),(2290,'PRAOBABILISTIC GRAPHICAL MODELS','2009','DAPHNE KOLLER','120','1',NULL,NULL,NULL,NULL),(2291,'PRAOBABILISTIC GRAPHICAL MODELS','2009','DAPHNE KOLLER','120','1',NULL,NULL,NULL,NULL),(2292,'JR\"','Probability Random variables and Random Signa','\"peyton Z. Peebles','2015','572',NULL,NULL,NULL,NULL),(2293,'JR\"','Probability Random variables and Random Signa','\"peyton Z. Peebles','2015','572',NULL,NULL,NULL,NULL),(2294,'JR\"','Probability Random variables and Random Signa','\"peyton Z. Peebles','2015','572',NULL,NULL,NULL,NULL),(2295,'Information Retrieval. Algorithms & Herusisti','2012','David A.Grossman','550','1',NULL,NULL,NULL,NULL),(2296,'JR\"','Probability Random variables and Random Signa','\"peyton Z. Peebles','2015','572',NULL,NULL,NULL,NULL),(2297,'Introduction to VLSI circuits and Systems','2012','John P.Uyemura','359','1',NULL,NULL,NULL,NULL),(2298,'Semiconductor Devices Physics and Technology','2015','Simon SZE','535','1',NULL,NULL,NULL,NULL),(2299,'Solid state physics structure and properties ','2017','M.A.Wahab','396','1',NULL,NULL,NULL,NULL),(2300,'Higher Engineering Mathematics','2015','B V Ramana','447','1',NULL,NULL,NULL,NULL),(2301,'Mathematical Analysis','2017','S C MaLik','399','1',NULL,NULL,NULL,NULL),(2302,'Engineering mathematics-II','2018','T.K.V.IYENGAR','211','1',NULL,NULL,NULL,NULL),(2303,'Mathematical Methods of Science and Engineeri','2012','Kanth B.Datta','450','1',NULL,NULL,NULL,NULL),(2304,'Artifitial Intelligence: A Modern Approach','2018','Russell Stuart j.','573','1',NULL,NULL,NULL,NULL),(2305,'Artifitial Intelligence: A Modern Approach','2018','Russell Stuart j.','573','1',NULL,NULL,NULL,NULL),(2306,'Artifitial Intelligence: A Modern Approach','2018','Russell Stuart j.','573','1',NULL,NULL,NULL,NULL),(2307,'Artifitial Intelligence: A Modern Approach','2018','Russell Stuart j.','573','1',NULL,NULL,NULL,NULL),(2308,'Artifitial Intelligence: A Modern Approach','2018','Russell Stuart j.','573','1',NULL,NULL,NULL,NULL),(2309,'Artifitial Intelligence: A Modern Approach','2018','Russell Stuart j.','573','1',NULL,NULL,NULL,NULL),(2310,'Artifitial Intelligence: A Modern Approach','2018','Russell Stuart j.','573','1',NULL,NULL,NULL,NULL),(2311,'Artifitial Intelligence: A Modern Approach','2018','Russell Stuart j.','573','1',NULL,NULL,NULL,NULL),(2312,'Artifitial Intelligence: A Modern Approach','2018','Russell Stuart j.','573','1',NULL,NULL,NULL,NULL),(2313,'Distributed systems concept amd design','2017','GEORGE COULOURIS','680','1',NULL,NULL,NULL,NULL),(2314,'Distributed systems concept amd design','2017','GEORGE COULOURIS','680','1',NULL,NULL,NULL,NULL),(2315,'Distributed systems concept amd design','2017','GEORGE COULOURIS','680','1',NULL,NULL,NULL,NULL),(2316,'Distributed systems concept amd design','2017','GEORGE COULOURIS','680','1',NULL,NULL,NULL,NULL),(2317,'Distributed systems concept amd design','2017','GEORGE COULOURIS','680','1',NULL,NULL,NULL,NULL),(2318,'Computer vision A modern approach','2015','DAVID A.FORSYTH','700','1',NULL,NULL,NULL,NULL),(2319,'Computer vision A modern approach','2015','DAVID A.FORSYTH','700','1',NULL,NULL,NULL,NULL),(2320,'Computer vision A modern approach','2015','DAVID A.FORSYTH','700','1',NULL,NULL,NULL,NULL),(2321,'Computer vision A modern approach','2015','DAVID A.FORSYTH','700','1',NULL,NULL,NULL,NULL),(2322,'Computer vision A modern approach','2015','DAVID A.FORSYTH','700','1',NULL,NULL,NULL,NULL),(2323,'Advance Engineering Mathematics','2017','ERWIN KREYSZIG','645','1',NULL,NULL,NULL,NULL),(2324,'Advance Engineering Mathematics','2017','ERWIN KREYSZIG','645','1',NULL,NULL,NULL,NULL),(2325,'Data Structures Using C and C ++','2017','Yedidyah Langsam','321','1',NULL,NULL,NULL,NULL),(2326,'Data Structures Using C and C ++','2017','Yedidyah Langsam','321','1',NULL,NULL,NULL,NULL),(2327,'PATTERN CLASSIFICATION','2016','RICHARD O.DUDA','741','1',NULL,NULL,NULL,NULL),(2328,'PATTERN CLASSIFICATION','2016','RICHARD O.DUDA','741','1',NULL,NULL,NULL,NULL),(2329,'PATTERN CLASSIFICATION','2016','RICHARD O.DUDA','741','1',NULL,NULL,NULL,NULL),(2330,'PATTERN CLASSIFICATION','2016','RICHARD O.DUDA','741','1',NULL,NULL,NULL,NULL),(2331,'The Last Wave an Island Novel','2014','Pankaj Sekhsaria','350','1',NULL,NULL,NULL,NULL),(2332,'Island in Flux','2017','Pankaj Sekhsaria','399','1',NULL,NULL,NULL,NULL),(2333,'25 Magnificient Indians','2017','S.Lal','299','1',NULL,NULL,NULL,NULL),(2334,'Deep Learning','2016','Ian Goodfellow','3943','1',NULL,NULL,NULL,NULL),(2335,'Mining Intelligence And Knowledge Exploration','2017','Rajendra Prasad','5576','1',NULL,NULL,NULL,NULL),(2336,' Katsuhiko\"','Modern control engineering.','\"Ogata','2018','443',NULL,NULL,NULL,NULL),(2337,' Katsuhiko\"','Modern control engineering.','\"Ogata','2018','443',NULL,NULL,NULL,NULL),(2338,' Katsuhiko\"','Modern control engineering.','\"Ogata','2018','443',NULL,NULL,NULL,NULL),(2339,' Katsuhiko\"','Modern control engineering.','\"Ogata','2018','695',NULL,NULL,NULL,NULL),(2340,' Katsuhiko\"','Modern control engineering.','\"Ogata','2018','695',NULL,NULL,NULL,NULL),(2341,' Katsuhiko\"','Modern control engineering.','\"Ogata','2018','589',NULL,NULL,NULL,NULL),(2342,' Katsuhiko\"','Modern control engineering.','\"Ogata','2018','589',NULL,NULL,NULL,NULL),(2343,' Katsuhiko\"','Modern control engineering.','\"Ogata','2018','589',NULL,NULL,NULL,NULL),(2344,' Katsuhiko\"','Modern control engineering.','\"Ogata','2018','525',NULL,NULL,NULL,NULL),(2345,' Katsuhiko\"','Modern control engineering.','\"Ogata','2018','525',NULL,NULL,NULL,NULL),(2346,' Katsuhiko\"','Modern control engineering.','\"Ogata','2018','525',NULL,NULL,NULL,NULL),(2347,'Distributed systems: Principles and Paradigms','2016','Tanenbaum Andrew S.','270','1',NULL,NULL,NULL,NULL),(2348,'Advance Engineering Mathematics','2011','Dr.A.B.Mathur','250','1',NULL,NULL,NULL,NULL),(2349,'Gate Computer Science &information technology','2015','Anish Chand','835','1',NULL,NULL,NULL,NULL),(2350,'Gate Computer Science &information technology','2010','Anish Chand','640','1',NULL,NULL,NULL,NULL),(2351,'Gate Computer Science &Engineering(Sudy Mater','2012','Anish Chand','640','1',NULL,NULL,NULL,NULL),(2352,'Gate Computer Science &Engineering (Sudy Mate','2012','Anish Chand','640','1',NULL,NULL,NULL,NULL),(2353,'Gate Computer Science &Engineering (Sudy Mate','2012','Anish Chand','640','1',NULL,NULL,NULL,NULL),(2354,'Gate Computer Science &Engineering(Sudy Mater','2012','Anish Chand','640','1',NULL,NULL,NULL,NULL),(2355,'Gate Computer Science &Engineering (Sudy Mate','2012','Anish Chand','640','1',NULL,NULL,NULL,NULL),(2356,'Gate Computer Science &information technology','2012','Anish Chand','595','1',NULL,NULL,NULL,NULL),(2357,'Microelectronic circuits-theory and applicati','2011','Adel S.Sedra','595','1',NULL,NULL,NULL,NULL),(2358,'Microelectronic circuits-theory and applicati','2011','Adel S.Sedra','595','1',NULL,NULL,NULL,NULL),(2359,'Visual Basic 5 Client/server','2011','Noel Jerke','450','1',NULL,NULL,NULL,NULL),(2360,'ODBC Programming in 21 days','2011','Bhill Whiting','225','1',NULL,NULL,NULL,NULL),(2361,'C and Data Structures for JNTU','2003','E Balaguruswamy','225','1',NULL,NULL,NULL,NULL),(2362,'Digital Logic and Computer Design','2003','M.MorrisMano','225','1',NULL,NULL,NULL,NULL),(2363,'Coordinate Geomentry','2003','S K Goyal','225','1',NULL,NULL,NULL,NULL),(2364,'Activex Control Programming With Visual Basic','2010','Keith Brophy','150','1',NULL,NULL,NULL,NULL),(2365,'Understanding Oracle','2003','James T.Perry','150','1',NULL,NULL,NULL,NULL),(2366,'A text book of Set Theory','2003','Dr.K.C.Sinha','150','1',NULL,NULL,NULL,NULL),(2367,'Instant Negotiation','2002','Brain Clegg','160','1',NULL,NULL,NULL,NULL),(2368,'Vocabulary Workout-study guide and worksheet','2015','S C MaLik','424','1',NULL,NULL,NULL,NULL),(2369,'Vocabulary Workout-study guide and worksheet','2015','S C MaLik','424','1',NULL,NULL,NULL,NULL),(2370,'VLSI Design','2015','Debaprasad das','424','1',NULL,NULL,NULL,NULL),(2371,'VLSI Design','2015','Debaprasad das','424','1',NULL,NULL,NULL,NULL),(2372,'VLSI Design','2015','Debaprasad das','424','1',NULL,NULL,NULL,NULL),(2373,'VLSI Design','2015','Debaprasad das','424','1',NULL,NULL,NULL,NULL),(2374,'VLSI Design','2015','Debaprasad das','424','1',NULL,NULL,NULL,NULL),(2375,'NMAP Network Scanning','2008','Gordon','2460','1',NULL,NULL,NULL,NULL),(2376,'Make:Getting Started With Sensors','2016','Kimmo Karinen','1032','1',NULL,NULL,NULL,NULL),(2377,'Make:Getting Started With Sensors','2016','Kimmo Karinen','1032','1',NULL,NULL,NULL,NULL),(2378,'Make:Getting Started With Sensors','2016','Kimmo Karinen','1032','1',NULL,NULL,NULL,NULL),(2379,'Make:Getting Started With Sensors','2016','Kimmo Karinen','1032','1',NULL,NULL,NULL,NULL),(2380,'Make:Getting Started With Sensors','2016','Kimmo Karinen','1032','1',NULL,NULL,NULL,NULL),(2381,'Programming Arduino Getting Started with Sket','2016','Simon Monk','789','1',NULL,NULL,NULL,NULL),(2382,'Programming Arduino Getting Started with Sket','2016','Simon Monk','789','1',NULL,NULL,NULL,NULL),(2383,'Programming Arduino Getting Started with Sket','2016','Simon Monk','789','1',NULL,NULL,NULL,NULL),(2384,'Programming Arduino Getting Started with Sket','2016','Simon Monk','789','1',NULL,NULL,NULL,NULL),(2385,'Programming Arduino Getting Started with Sket','2016','Simon Monk','789','1',NULL,NULL,NULL,NULL),(2386,'','','','','',NULL,NULL,NULL,'2018-12-09 21:14:36.140935'),(2387,'','','','','',NULL,NULL,NULL,'2018-12-09 21:16:57.243485'),(2388,'','','','','',NULL,NULL,NULL,'2018-12-09 21:17:21.125252');
/*!40000 ALTER TABLE `library_book_detail` ENABLE KEYS */;
UNLOCK TABLES;

--
-- Table structure for table `library_donatebook`
--

DROP TABLE IF EXISTS `library_donatebook`;
/*!40101 SET @saved_cs_client     = @@character_set_client */;
/*!40101 SET character_set_client = utf8 */;
CREATE TABLE `library_donatebook` (
  `id` int(11) NOT NULL AUTO_INCREMENT,
  `Name` varchar(45) NOT NULL,
  `Book_name` varchar(45) NOT NULL,
  `Created_by` varchar(45) DEFAULT NULL,
  `Created_at` datetime(6) DEFAULT NULL,
  `Modified_by` varchar(45) DEFAULT NULL,
  `Modified_at` datetime(6) DEFAULT NULL,
  `User_id_id` varchar(45) NOT NULL,
  PRIMARY KEY (`id`),
  KEY `library_donatebook_User_id_id_966c59e7_fk_library_user_User_id` (`User_id_id`),
  CONSTRAINT `library_donatebook_User_id_id_966c59e7_fk_library_user_User_id` FOREIGN KEY (`User_id_id`) REFERENCES `library_user` (`User_id`)
) ENGINE=InnoDB AUTO_INCREMENT=151 DEFAULT CHARSET=latin1;
/*!40101 SET character_set_client = @saved_cs_client */;

--
-- Dumping data for table `library_donatebook`
--

LOCK TABLES `library_donatebook` WRITE;
/*!40000 ALTER TABLE `library_donatebook` DISABLE KEYS */;
INSERT INTO `library_donatebook` VALUES (1,'VENKATA SAI KRISHNA DESHINENI','Linear algebra',NULL,NULL,NULL,NULL,'20160020158'),(2,'AAKASH SHUKLA','Digital Image Processing',NULL,NULL,NULL,NULL,'20160010001'),(3,'ADITYA HARIDAS MENON','Digital Image Processing',NULL,NULL,NULL,NULL,'20160010002'),(4,'AKURATHI DHARANI DEVI','Digital Image Processing',NULL,NULL,NULL,NULL,'20160010003'),(5,'ANIRUDH KANNAN V P','Digital Logic and Computer Design',NULL,NULL,NULL,NULL,'20160010004'),(6,'ANUBHAV UJJAWAL','Digital Logic and Computer Design',NULL,NULL,NULL,NULL,'20160010005'),(7,'ANURAG GUPTA','Digital signal Processing',NULL,NULL,NULL,NULL,'20160010006'),(8,'ARVIND DESHRAJ','\"Digital signal Processing: Principles',NULL,NULL,NULL,NULL,'20160010007'),(9,'BARINELA JAHNAVI','\"Digital signal Processing: Principles',NULL,NULL,NULL,NULL,'20160010009'),(10,'BARRENKALA VEDA','Discrete time signal Processing',NULL,NULL,NULL,NULL,'20160010010'),(11,'BHAVI CHAWLA','Discrete time signal Processing',NULL,NULL,NULL,NULL,'20160010011'),(12,'BIKKI HINDUJA','Discrete time signal Processing',NULL,NULL,NULL,NULL,'20160010013'),(13,'BILLAKURTI SUDHEERA SIVANI','Fundamentals of Speech Recognition',NULL,NULL,NULL,NULL,'20160010014'),(14,'BOLLAPRAGADA VEENA PRATHYUSHA','Graphy theory',NULL,NULL,NULL,NULL,'20160010015'),(15,'CHALAPAKA NIHARIKA ','Introduction to Probability Models',NULL,NULL,NULL,NULL,'20160010016'),(16,'CHANDRAJEET CHOUDHARY','Introduction to Probability Models',NULL,NULL,NULL,NULL,'20160010017'),(17,'CHINMAY SAMAL','Introduction to Probability Models',NULL,NULL,NULL,NULL,'20160010018'),(18,'D SAI SUPRIYA','Kennedy\'s Electronics communication Systems',NULL,NULL,NULL,NULL,'20160010019'),(19,'DAKKATA PAWAN KALYAN REDDY','Kennedy\'s Electronics communication Systems',NULL,NULL,NULL,NULL,'20160010020'),(20,'DASH SUBHADEEP','Kennedy\'s Electronics communication Systems',NULL,NULL,NULL,NULL,'20160010021'),(21,'DEEPAK KUMAR','John E. Freund\'s Mathematical statistics with',NULL,NULL,NULL,NULL,'20160010022'),(22,'DHRUV MESHRAM','John E. Freund\'s Mathematical statistics with',NULL,NULL,NULL,NULL,'20160010023'),(23,'DINDIGALLA PREETHI HENA','John E. Freund\'s Mathematical statistics with',NULL,NULL,NULL,NULL,'20160010024'),(24,'G ARSHAD','Principles of linear systems and signals',NULL,NULL,NULL,NULL,'20160010025'),(25,'G MONICA SAGAR','Principles of linear systems and signals',NULL,NULL,NULL,NULL,'20160010026'),(26,'GAMPALA SRI KRISHNA KARTHIK','Principles of linear systems and signals',NULL,NULL,NULL,NULL,'20160010027'),(27,'GARVIT KATARIA','Principles of linear systems and signals',NULL,NULL,NULL,NULL,'20160010028'),(28,'GORREMUCHU MARY ANKITHA','Signals and systems',NULL,NULL,NULL,NULL,'20160010029'),(29,'GUJJULA JAHNAVI','Signals and systems',NULL,NULL,NULL,NULL,'20160010030'),(30,'GURRAM NAGA VENKATA SAI MANOJ','\"Theory and application of Digital signal Pro',NULL,NULL,NULL,NULL,'20160010031'),(31,'HEMANTH KUMAR MADDI','\"Theory and application of Digital signal Pro',NULL,NULL,NULL,NULL,'20160010032'),(32,'J.S.SUNIL','\"Theory and application of Digital signal Pro',NULL,NULL,NULL,NULL,'20160010033'),(33,'JADHAV AJIT JAYWANT','\"Digital signal Processing: Principles',NULL,NULL,NULL,NULL,'20160010034'),(34,'JALLEPALLI SOWMYA VASUKI','Fundamentals of Speech Recognition',NULL,NULL,NULL,NULL,'20160010035'),(35,'JUNAID.N.Z','Algorithm Design',NULL,NULL,NULL,NULL,'20160010036'),(36,'K MAHESHWARI','Algorithm Design',NULL,NULL,NULL,NULL,'20160010037'),(37,'K UPENDRA SAINATH REDDY','Communication Systems',NULL,NULL,NULL,NULL,'20160010038'),(38,'KAGITA NIKHIL SAI','Communication Systems',NULL,NULL,NULL,NULL,'20160010039'),(39,'KANAPANENI MEGHANA','Fundamentals of Speech Recognition',NULL,NULL,NULL,NULL,'20160010040'),(40,'KAUSTUBH PANDEY','The C Programming Language',NULL,NULL,NULL,NULL,'20160010041'),(41,'KEERTHI PRIYANKA LAM','The C Programming Language',NULL,NULL,NULL,NULL,'20160010042'),(42,'KHURANGALE VISHAKHA SHASHIKANT','Digital Image Processing',NULL,NULL,NULL,NULL,'20160010043'),(43,'KINNERA VINOOTHNA SAI','Digital Image Processing',NULL,NULL,NULL,NULL,'20160010044'),(44,'KOTTE SAHITHI KRISHNA','Digital Image Processing',NULL,NULL,NULL,NULL,'20160010045'),(45,'KRISHNA KUMAR DEY','Digital Image Processing',NULL,NULL,NULL,NULL,'20160010046'),(46,'KUMARU SAI PRASANNA KUMAR','Digital Image Processing',NULL,NULL,NULL,NULL,'20160010047'),(47,'LAISHA WADHWA','Signals and systems',NULL,NULL,NULL,NULL,'20160010048'),(48,'M S SHRUTHI','Signals and systems',NULL,NULL,NULL,NULL,'20160010049'),(49,'MADDELA DHARANI','Signals and systems',NULL,NULL,NULL,NULL,'20160010050'),(50,'MAHESHWARAM SOWMYA ','Signals and systems',NULL,NULL,NULL,NULL,'20160010051'),(51,'MANTHRI SAI KRISHNA SUBASH KARTHIKEYA','Signals and systems',NULL,NULL,NULL,NULL,'20160010052'),(52,'MRITYUNJAY KUMAR OJHA','Signals and systems',NULL,NULL,NULL,NULL,'20160010053'),(53,'MUCHERLA PAVAN SAI','Signals and systems',NULL,NULL,NULL,NULL,'20160010054'),(54,'NARANAPURAM SRILEKHA','Signals and systems',NULL,NULL,NULL,NULL,'20160010055'),(55,'NEKKANTI SRIKARA MOHANA SAI SACHIN','Signals and systems',NULL,NULL,NULL,NULL,'20160010056'),(56,'NIKKU SATYA SAI PRUDHVI KRISHNA','Signals and systems',NULL,NULL,NULL,NULL,'20160010057'),(57,'NITIN KUMAR','Signals and systems',NULL,NULL,NULL,NULL,'20160010058'),(58,'PAGADALA MANOGNA','Signals and systems',NULL,NULL,NULL,NULL,'20160010059'),(59,'PARAS DAHIYA','Signals and systems',NULL,NULL,NULL,NULL,'20160010060'),(60,'PARKHI MOHAN','Signals and systems',NULL,NULL,NULL,NULL,'20160010061'),(61,'POTLURI PRATHYUSH','Computer Science: A Structured programmin app',NULL,NULL,NULL,NULL,'20160010063'),(62,'PRADEEP TURAN','Computer Science: A Structured programmin app',NULL,NULL,NULL,NULL,'20160010064'),(63,'PRAKKASH MANOHAR','Computer Science: A Structured programmin app',NULL,NULL,NULL,NULL,'20160010065'),(64,'PRASHANT KUMAR MAHANTA','Fundamentals of Computer algorithms',NULL,NULL,NULL,NULL,'20160010066'),(65,'PULIVARTHI MUNI NIHITHA CHOWDARY','Fundamentals of Computer algorithms',NULL,NULL,NULL,NULL,'20160010067'),(66,'PYAPALI SAI MADHU CHANDHANA','Principles of linear systems and signals',NULL,NULL,NULL,NULL,'20160010068'),(67,'RAHUL KUMAR','Principles of linear systems and signals',NULL,NULL,NULL,NULL,'20160010069'),(68,'RAYAVARAPU NAVANITH','Digital signal Processing',NULL,NULL,NULL,NULL,'20160010071'),(69,'RISHAV CHANDRA VARMA','Digital signal Processing',NULL,NULL,NULL,NULL,'20160010072'),(70,'ROHAN S','Digital signal Processing',NULL,NULL,NULL,NULL,'20160010073'),(71,'RUSHEEL KOUSHIK GOLLAKOTA','Digital signal Processing',NULL,NULL,NULL,NULL,'20160010074'),(72,'SAGAR','Introduction to Digital signal Processing',NULL,NULL,NULL,NULL,'20160010075'),(73,'SAHAJ AGARWAL ','Introduction to Digital signal Processing',NULL,NULL,NULL,NULL,'20160010077'),(74,'SAJJANAPU VENKAT LOKESH KUMAR','Introduction to Digital signal Processing',NULL,NULL,NULL,NULL,'20160010078'),(75,'SAKI VENKATESH','Fundamentals of Computer algorithms',NULL,NULL,NULL,NULL,'20160010079'),(76,'SALLA DASHARATHA SAI VAMSHI','Fundamentals of Computer algorithms',NULL,NULL,NULL,NULL,'20160010080'),(77,'SAMALA PREETHI','Fundamentals of Computer algorithms',NULL,NULL,NULL,NULL,'20160010081'),(78,'SANYEM GUPTA','Fundamentals of Computer algorithms',NULL,NULL,NULL,NULL,'20160010082'),(79,'SARIN NIKOSE','Fundamentals of Computer algorithms',NULL,NULL,NULL,NULL,'20160010083'),(80,'SHIVAM SINGH YADAV','Algorithm Design',NULL,NULL,NULL,NULL,'20160010086'),(81,'SHOBHIT MALARYA','Algorithm Design',NULL,NULL,NULL,NULL,'20160010087'),(82,'SHUBHAM GUPTA','Algorithms',NULL,NULL,NULL,NULL,'20160010088'),(83,'SIDDHANT KUSHWAHA','Introduction to Graph Theory',NULL,NULL,NULL,NULL,'20160010089'),(84,'SIDDHARTH KUMAR','Introduction to Graph Theory',NULL,NULL,NULL,NULL,'20160010090'),(85,'SOUMIK MANDAL','Operating Systems Concepts',NULL,NULL,NULL,NULL,'20160010091'),(86,'SREE HARSHITHA POLAMADA','Operating Systems Concepts',NULL,NULL,NULL,NULL,'20160010092'),(87,'SRI HARSHAVARDHAN.S','Operating Systems Concepts',NULL,NULL,NULL,NULL,'20160010093'),(88,'SURYA TEJA ACHANTA','Operating Systems Concepts',NULL,NULL,NULL,NULL,'20160010094'),(89,'SYED JAHANGIR PEERAN','Operating Systems Concepts',NULL,NULL,NULL,NULL,'20160010095'),(90,'TANMAY KALANI','The C Programming Language',NULL,NULL,NULL,NULL,'20160010096'),(91,'THAMMALI SAI KIRAN','The C Programming Language',NULL,NULL,NULL,NULL,'20160010097'),(92,'THIRUKKOVALLURU HAREESH','Algorithms',NULL,NULL,NULL,NULL,'20160010098'),(93,'UDAY RAJ SAWHNEY','Operating Systems : A Design Oriented Approac',NULL,NULL,NULL,NULL,'20160010099'),(94,'UMMADI DEEKSHA','Operating Systems : A Design Oriented Approac',NULL,NULL,NULL,NULL,'20160010100'),(95,'VARRI SRI HARSHA','Operating Systems : A Design Oriented Approac',NULL,NULL,NULL,NULL,'20160010101'),(96,'VASA SRIJAN REDDY','Computer Science: A Structured programmin app',NULL,NULL,NULL,NULL,'20160010102'),(97,'VASANTH NIKHIL SINGH','Computer Science: A Structured programmin app',NULL,NULL,NULL,NULL,'20160010103'),(98,'VENTRAPRAGADA SAIRATHAN','Discrete Mathematics and Its applications',NULL,NULL,NULL,NULL,'20160010104'),(99,'VIJJAL RUTVIK REDDY','Discrete Mathematics and Its applications',NULL,NULL,NULL,NULL,'20160010105'),(100,'VINNAKOTI SREE PRAGNA','Discrete Mathematics and Its applications',NULL,NULL,NULL,NULL,'20160010106'),(101,'WASIM ISHAQ KHAN','The C ++ Programming Language',NULL,NULL,NULL,NULL,'20160010107'),(102,'YELLURU HEMANTH KUMAR','Communication Systems',NULL,NULL,NULL,NULL,'20160010108'),(103,'DUVVURU MAHATHI','Communication Systems',NULL,NULL,NULL,NULL,'20160010162'),(104,'V TEJKIRAN','Communication Systems',NULL,NULL,NULL,NULL,'20160020155'),(105,'ADAMYA GUPTA','Communication Systems',NULL,NULL,NULL,NULL,'20160020109'),(106,'AKASAPU DASARADHA SRI RAM SAI MANI TEJA','Communication Systems',NULL,NULL,NULL,NULL,'20160020110'),(107,'ASHISH KUMAR PATEL','Operating Systems: Internals and Design Princ',NULL,NULL,NULL,NULL,'20160020111'),(108,'ATLURI ROHIT CHOWDARY','Operating Systems: Internals and Design Princ',NULL,NULL,NULL,NULL,'20160020112'),(109,'AVADHOOTHA SAI TEJA','Operating Systems: Internals and Design Princ',NULL,NULL,NULL,NULL,'20160020113'),(110,'BANOTH LAVANYA','Operating Systems: Internals and Design Princ',NULL,NULL,NULL,NULL,'20160020114'),(111,'BASAVA SAI NAGA VISWA CHAITHANYA','Operating Systems: Internals and Design Princ',NULL,NULL,NULL,NULL,'20160020115'),(112,'BHUKYA ASWANTH NAYAK','Introduction to Automat theory languages and ',NULL,NULL,NULL,NULL,'20160020116'),(113,'CHADALAVADA MOUNIKA','Introduction to Automat theory languages and ',NULL,NULL,NULL,NULL,'20160020117'),(114,'CHAPPIDI DHEERAJ','Introduction to Automat theory languages and ',NULL,NULL,NULL,NULL,'20160020118'),(115,'CHEEMALADINNE JHANSI RANI','Introduction to The theory of Computation',NULL,NULL,NULL,NULL,'20160020119'),(116,'CHENNAMSETTY PADMINI','Introduction to The theory of Computation',NULL,NULL,NULL,NULL,'20160020120'),(117,'CHERUVUGATTU NAGA SIVA KRISHNA','Introduction to The theory of Computation',NULL,NULL,NULL,NULL,'20160020122'),(118,'CHILAGANI NIKHIL KUMAR','Engineering circiut Analysis',NULL,NULL,NULL,NULL,'20160020123'),(119,'DIRISALA KRISHNA VAMSI','Engineering circiut Analysis',NULL,NULL,NULL,NULL,'20160020124'),(120,'DODDAPANENI SUMANTH ','Engineering circiut Analysis',NULL,NULL,NULL,NULL,'20160020125'),(121,'DOMA SAI KEERTHI','Engineering circiut Analysis',NULL,NULL,NULL,NULL,'20160020126'),(122,'GOWTHUKATLA VENKATA CHARAN','Engineering circiut Analysis',NULL,NULL,NULL,NULL,'20160020127'),(123,'GUDURU SAI SURESH','Engineering circiut Analysis',NULL,NULL,NULL,NULL,'20160020128'),(124,'ITI TRIPATHI','Engineering circiut Analysis',NULL,NULL,NULL,NULL,'20160020129'),(125,'JWALA PRUDHVI RAJ','Circuits and Networks: Analysis and Syntesis',NULL,NULL,NULL,NULL,'20160020130'),(126,'K SAI  SUHAS TANMAY','Circuits and Networks: Analysis and Syntesis',NULL,NULL,NULL,NULL,'20160020131'),(127,'KARRI ANJALI POORNIMA','Circuits and Networks: Analysis and Syntesis',NULL,NULL,NULL,NULL,'20160020132'),(128,'KARUTURI SRI HARSHITHA','Circuits and Networks: Analysis and Syntesis',NULL,NULL,NULL,NULL,'20160020133'),(129,'KILLI VISHNU VARDHAN','Circuits and Networks: Analysis and Syntesis',NULL,NULL,NULL,NULL,'20160020134'),(130,'KOMMENDALA RAVI TEJA','Data Structures Using C and C ++',NULL,NULL,NULL,NULL,'20160020135'),(131,'KONASAMUDRAM SUMANTH','Data Structures Using C and C ++',NULL,NULL,NULL,NULL,'20160020136'),(132,'MADAKA VAMSI KRISHNA','Data Structures Using C and C ++',NULL,NULL,NULL,NULL,'20160020137'),(133,'MANASA SAI KARANAM','Digital Communication',NULL,NULL,NULL,NULL,'20160020138'),(134,'MARADANA SRINIVAS RAO','Digital Communication',NULL,NULL,NULL,NULL,'20160020139'),(135,'MEEJURI PRANAV','Digital Image Processing and analysis',NULL,NULL,NULL,NULL,'20160020140'),(136,'MOTIPALLE RAM SAI RAHUL','Digital Image Processing and analysis',NULL,NULL,NULL,NULL,'20160020141'),(137,'NALLURI  VENKATA VAISHNAVI','Discrete and Combinatorial Mathematics',NULL,NULL,NULL,NULL,'20160020142'),(138,'P ABHILASH','Discrete and Combinatorial Mathematics',NULL,NULL,NULL,NULL,'20160020143'),(139,'PAPPULA YASWANTH VENKATA SUBBA REDDY','Discrete and Combinatorial Mathematics',NULL,NULL,NULL,NULL,'20160020144'),(140,'POTLA SANDEEP','Fundamentals of Data Structures in C',NULL,NULL,NULL,NULL,'20160020145'),(141,'PULLELA MRUDULA SHASTRI','Fundamentals of Data Structures in C',NULL,NULL,NULL,NULL,'20160020147'),(142,'PULLURU RISHITHA','Fundamentals of Data Structures in C',NULL,NULL,NULL,NULL,'20160020148'),(143,'PUNGANOOR MADHU SUDHAN','Fundamentals of Data Structures in C',NULL,NULL,NULL,NULL,'20160020149'),(144,'RAHUL RAGHAVA PEELA','Fundamentals of Data Structures in C',NULL,NULL,NULL,NULL,'20160020150'),(145,'SAJJA RENUKARAM','Fundamentals of Data Structures in C++',NULL,NULL,NULL,NULL,'20160020151'),(146,'TANNERU SRI GIRINADH','Fundamentals of Data Structures in C++',NULL,NULL,NULL,NULL,'20160020153'),(147,'THRIPURANA ABHISHEK','Fundamentals of Data Structures in C++',NULL,NULL,NULL,NULL,'20160020154'),(148,'VANKUDOTHU SUMAN','Kennedy\'s Electronics communication Systems',NULL,NULL,NULL,NULL,'20160020156'),(149,'VARRI RAJA RAMA CHANDRA RAO','Kennedy\'s Electronics communication Systems',NULL,NULL,NULL,NULL,'20160020157'),(150,'VENKATA SAI KRISHNA DESHINENI','Linear algebra',NULL,NULL,NULL,NULL,'20160020158');
/*!40000 ALTER TABLE `library_donatebook` ENABLE KEYS */;
UNLOCK TABLES;

--
-- Table structure for table `library_feedback`
--

DROP TABLE IF EXISTS `library_feedback`;
/*!40101 SET @saved_cs_client     = @@character_set_client */;
/*!40101 SET character_set_client = utf8 */;
CREATE TABLE `library_feedback` (
  `id` int(11) NOT NULL AUTO_INCREMENT,
  `Complaint` varchar(500) NOT NULL,
  `Date` date NOT NULL,
  `Created_by` varchar(45) DEFAULT NULL,
  `Created_at` datetime(6) DEFAULT NULL,
  `Modified_by` varchar(45) DEFAULT NULL,
  `Modified_at` datetime(6) DEFAULT NULL,
  `User_id_id` varchar(45) NOT NULL,
  PRIMARY KEY (`id`),
  KEY `library_feedback_User_id_id_c1e1e6b6_fk_library_user_User_id` (`User_id_id`),
  CONSTRAINT `library_feedback_User_id_id_c1e1e6b6_fk_library_user_User_id` FOREIGN KEY (`User_id_id`) REFERENCES `library_user` (`User_id`)
) ENGINE=InnoDB DEFAULT CHARSET=latin1;
/*!40101 SET character_set_client = @saved_cs_client */;

--
-- Dumping data for table `library_feedback`
--

LOCK TABLES `library_feedback` WRITE;
/*!40000 ALTER TABLE `library_feedback` DISABLE KEYS */;
/*!40000 ALTER TABLE `library_feedback` ENABLE KEYS */;
UNLOCK TABLES;

--
-- Table structure for table `library_issue_master`
--

DROP TABLE IF EXISTS `library_issue_master`;
/*!40101 SET @saved_cs_client     = @@character_set_client */;
/*!40101 SET character_set_client = utf8 */;
CREATE TABLE `library_issue_master` (
  `id` int(11) NOT NULL AUTO_INCREMENT,
  `Issue_date` date DEFAULT NULL,
  `Actual_return_date` date DEFAULT NULL,
  `Return_date` date DEFAULT NULL,
  `Fine` varchar(45) NOT NULL,
  `Payment_status` varchar(45) NOT NULL,
  `Created_by` varchar(45) DEFAULT NULL,
  `Created_at` datetime(6) DEFAULT NULL,
  `Modified_by` varchar(45) DEFAULT NULL,
  `Modified_at` datetime(6) DEFAULT NULL,
  `Admin_id_id` varchar(45) NOT NULL,
  `Book_id_id` int(11) NOT NULL,
  `User_id_id` varchar(45) NOT NULL,
  PRIMARY KEY (`id`),
  KEY `library_issue_master_Admin_id_id_30d20b63_fk_library_a` (`Admin_id_id`),
  KEY `library_issue_master_Book_id_id_42371566_fk_library_b` (`Book_id_id`),
  KEY `library_issue_master_User_id_id_918cc2c8_fk_library_user_User_id` (`User_id_id`),
  CONSTRAINT `library_issue_master_Admin_id_id_30d20b63_fk_library_a` FOREIGN KEY (`Admin_id_id`) REFERENCES `library_admin` (`Admin_id`),
  CONSTRAINT `library_issue_master_Book_id_id_42371566_fk_library_b` FOREIGN KEY (`Book_id_id`) REFERENCES `library_book_detail` (`Book_id`),
  CONSTRAINT `library_issue_master_User_id_id_918cc2c8_fk_library_user_User_id` FOREIGN KEY (`User_id_id`) REFERENCES `library_user` (`User_id`)
) ENGINE=InnoDB AUTO_INCREMENT=164 DEFAULT CHARSET=latin1;
/*!40101 SET character_set_client = @saved_cs_client */;

--
-- Dumping data for table `library_issue_master`
--

LOCK TABLES `library_issue_master` WRITE;
/*!40000 ALTER TABLE `library_issue_master` DISABLE KEYS */;
INSERT INTO `library_issue_master` VALUES (4,'2018-11-08','2018-11-23','2018-11-23','0','1',NULL,NULL,NULL,NULL,'20160010054',1,'20160010001'),(5,'2018-11-08','2018-11-23','2018-11-23','0','1',NULL,NULL,NULL,NULL,'20160010054',2,'20160010002'),(6,'2018-11-08','2018-11-23','2018-11-23','0','1',NULL,NULL,NULL,NULL,'20160010054',3,'20160010003'),(7,'2018-11-08','2018-11-23','2018-11-23','0','1',NULL,NULL,NULL,NULL,'20160010054',4,'20160010004'),(8,'2018-11-08','2018-11-23','2018-11-23','0','1',NULL,NULL,NULL,NULL,'20160010054',5,'20160010005'),(9,'2018-11-08','2018-11-23','2018-11-23','0','1',NULL,NULL,NULL,NULL,'20160010054',6,'20160010006'),(10,'2018-11-08','2018-11-23','2018-11-23','0','1',NULL,NULL,NULL,NULL,'20160010054',7,'20160010007'),(11,'2018-11-08','2018-11-23','2018-11-23','0','1',NULL,NULL,NULL,NULL,'20160010054',8,'20160010009'),(12,'2018-11-08','2018-11-23','2018-11-23','0','1',NULL,NULL,NULL,NULL,'20160010054',9,'20160010010'),(13,'2018-11-08','2018-11-23','2018-11-23','0','1',NULL,NULL,NULL,NULL,'20160010054',10,'20160010011'),(14,'2018-11-08','2018-11-23','2018-11-23','0','1',NULL,NULL,NULL,NULL,'20160010054',11,'20160010013'),(15,'2018-11-08','2018-11-23','2018-11-23','0','1',NULL,NULL,NULL,NULL,'20160010054',12,'20160010014'),(16,'2018-11-08','2018-11-23','2018-11-23','0','1',NULL,NULL,NULL,NULL,'20160010054',13,'20160010015'),(17,'2018-11-08','2018-11-23','2018-11-23','0','1',NULL,NULL,NULL,NULL,'20160010054',14,'20160010016'),(18,'2018-11-08','2018-11-23','2018-11-23','0','1',NULL,NULL,NULL,NULL,'20160010054',15,'20160010017'),(19,'2018-11-08','2018-11-23','2018-11-23','0','1',NULL,NULL,NULL,NULL,'20160010054',16,'20160010018'),(20,'2018-11-08','2018-11-23','2018-11-23','0','1',NULL,NULL,NULL,NULL,'20160010054',17,'20160010019'),(21,'2018-11-08','2018-11-23','2018-11-23','0','1',NULL,NULL,NULL,NULL,'20160010054',18,'20160010020'),(22,'2018-11-08','2018-11-23','2018-11-26','6','1',NULL,NULL,NULL,NULL,'20160010054',19,'20160010021'),(23,'2018-11-08','2018-11-23','2018-11-26','6','1',NULL,NULL,NULL,NULL,'20160010054',20,'20160010022'),(24,'2018-11-08','2018-11-23','2018-11-26','6','1',NULL,NULL,NULL,NULL,'20160010054',21,'20160010023'),(25,'2018-11-08','2018-11-23','2018-11-26','6','1',NULL,NULL,NULL,NULL,'20160010054',22,'20160010024'),(26,'2018-11-08','2018-11-23','2018-11-26','6','1',NULL,NULL,NULL,NULL,'20160010054',23,'20160010025'),(27,'2018-11-08','2018-11-23','2018-11-26','6','1',NULL,NULL,NULL,NULL,'20160010054',24,'20160010026'),(28,'2018-11-08','2018-11-23','2018-11-26','6','1',NULL,NULL,NULL,NULL,'20160010054',25,'20160010027'),(29,'2018-11-08','2018-11-23','2018-11-26','6','1',NULL,NULL,NULL,NULL,'20160010054',26,'20160010028'),(30,'2018-11-08','2018-11-23','2018-11-26','6','1',NULL,NULL,NULL,NULL,'20160010054',27,'20160010029'),(31,'2018-11-08','2018-11-23','2018-11-26','6','1',NULL,NULL,NULL,NULL,'20160010054',28,'20160010030'),(32,'2018-11-08','2018-11-23','2018-11-26','6','1',NULL,NULL,NULL,NULL,'20160010054',29,'20160010031'),(33,'2018-11-08','2018-11-23','2018-11-26','6','1',NULL,NULL,NULL,NULL,'20160010054',30,'20160010032'),(34,'2018-11-08','2018-11-23','2018-11-26','6','1',NULL,NULL,NULL,NULL,'20160010054',31,'20160010033'),(35,'2018-11-08','2018-11-23','2018-11-26','6','1',NULL,NULL,NULL,NULL,'20160010054',32,'20160010034'),(36,'2018-11-08','2018-11-23','2018-11-26','6','1',NULL,NULL,NULL,NULL,'20160010054',33,'20160010035'),(37,'2018-11-08','2018-11-23','2018-11-26','6','1',NULL,NULL,NULL,NULL,'20160010054',34,'20160010036'),(38,'2018-11-08','2018-11-23','2018-11-26','6','1',NULL,NULL,NULL,NULL,'20160010054',35,'20160010037'),(39,'2018-11-08','2018-11-23','2018-11-26','6','1',NULL,NULL,NULL,NULL,'20160010054',36,'20160010038'),(40,'2018-11-08','2018-11-23','2018-11-26','6','1',NULL,NULL,NULL,NULL,'20160010054',37,'20160010039'),(41,'2018-11-08','2018-11-23','2018-11-26','6','1',NULL,NULL,NULL,NULL,'20160010054',38,'20160010040'),(42,'2018-11-08','2018-11-23','0000-00-00','0','0',NULL,NULL,NULL,NULL,'20160010054',39,'20160010041'),(43,'2018-11-08','2018-11-23','0000-00-00','0','0',NULL,NULL,NULL,NULL,'20160010054',40,'20160010042'),(44,'2018-11-08','2018-11-23','0000-00-00','0','0',NULL,NULL,NULL,NULL,'20160010054',41,'20160010043'),(45,'2018-11-08','2018-11-23','0000-00-00','0','0',NULL,NULL,NULL,NULL,'20160010054',42,'20160010044'),(46,'2018-11-08','2018-11-23','0000-00-00','0','0',NULL,NULL,NULL,NULL,'20160010054',43,'20160010045'),(47,'2018-11-08','2018-11-23','0000-00-00','0','0',NULL,NULL,NULL,NULL,'20160010054',44,'20160010046'),(48,'2018-11-08','2018-11-23','0000-00-00','0','0',NULL,NULL,NULL,NULL,'20160010054',45,'20160010047'),(49,'2018-11-08','2018-11-23','0000-00-00','0','0',NULL,NULL,NULL,NULL,'20160010054',46,'20160010048'),(50,'2018-11-08','2018-11-23','0000-00-00','0','0',NULL,NULL,NULL,NULL,'20160010054',47,'20160010049'),(51,'2018-11-08','2018-11-23','0000-00-00','0','0',NULL,NULL,NULL,NULL,'20160010054',48,'20160010050'),(52,'2018-11-09','2018-11-24','0000-00-00','0','0',NULL,NULL,NULL,NULL,'20160010054',49,'20160010051'),(53,'2018-11-09','2018-11-24','0000-00-00','0','0',NULL,NULL,NULL,NULL,'20160010054',50,'20160010052'),(54,'2018-11-09','2018-11-24','0000-00-00','0','0',NULL,NULL,NULL,NULL,'20160010054',51,'20160010053'),(55,'2018-11-09','2018-11-24','0000-00-00','0','0',NULL,NULL,NULL,NULL,'20160010054',52,'20160010054'),(56,'2018-11-09','2018-11-24','0000-00-00','0','0',NULL,NULL,NULL,NULL,'20160010054',53,'20160010055'),(57,'2018-11-09','2018-11-24','0000-00-00','0','0',NULL,NULL,NULL,NULL,'20160010054',54,'20160010056'),(58,'2018-11-09','2018-11-24','0000-00-00','0','0',NULL,NULL,NULL,NULL,'20160010054',55,'20160010057'),(59,'2018-11-09','2018-11-24','0000-00-00','0','0',NULL,NULL,NULL,NULL,'20160010054',56,'20160010058'),(60,'2018-11-09','2018-11-24','0000-00-00','0','0',NULL,NULL,NULL,NULL,'20160010054',57,'20160010059'),(61,'2018-11-09','2018-11-24','0000-00-00','0','0',NULL,NULL,NULL,NULL,'20160010054',58,'20160010060'),(62,'2018-11-09','2018-11-24','2018-11-28','8','1',NULL,NULL,NULL,NULL,'20160010054',59,'20160010061'),(63,'2018-11-09','2018-11-24','2018-11-28','8','1',NULL,NULL,NULL,NULL,'20160010054',60,'20160010063'),(64,'2018-11-09','2018-11-24','2018-11-28','8','1',NULL,NULL,NULL,NULL,'20160010054',61,'20160010064'),(65,'2018-11-09','2018-11-24','2018-11-28','8','1',NULL,NULL,NULL,NULL,'20160010054',62,'20160010065'),(66,'2018-11-09','2018-11-24','2018-11-28','8','1',NULL,NULL,NULL,NULL,'20160010054',63,'20160010066'),(67,'2018-11-09','2018-11-24','2018-11-28','8','1',NULL,NULL,NULL,NULL,'20160010054',64,'20160010067'),(68,'2018-11-09','2018-11-24','2018-11-28','8','1',NULL,NULL,NULL,NULL,'20160010054',65,'20160010068'),(69,'2018-11-09','2018-11-24','2018-11-28','8','1',NULL,NULL,NULL,NULL,'20160010054',66,'20160010069'),(70,'2018-11-09','2018-11-24','2018-11-28','8','1',NULL,NULL,NULL,NULL,'20160010054',67,'20160010071'),(71,'2018-11-09','2018-11-24','2018-11-28','8','1',NULL,NULL,NULL,NULL,'20160010054',68,'20160010072'),(72,'2018-11-09','2018-11-24','2018-11-28','8','1',NULL,NULL,NULL,NULL,'20160010054',69,'20160010073'),(73,'2018-11-09','2018-11-24','2018-11-28','8','1',NULL,NULL,NULL,NULL,'20160010054',70,'20160010074'),(74,'2018-11-09','2018-11-24','2018-11-28','8','1',NULL,NULL,NULL,NULL,'20160010054',71,'20160010075'),(75,'2018-11-09','2018-11-24','2018-11-28','8','1',NULL,NULL,NULL,NULL,'20160010054',72,'20160010077'),(76,'2018-11-09','2018-11-24','2018-11-28','8','1',NULL,NULL,NULL,NULL,'20160010054',73,'20160010078'),(77,'2018-11-09','2018-11-24','2018-11-28','8','1',NULL,NULL,NULL,NULL,'20160010054',74,'20160010079'),(78,'2018-11-09','2018-11-24','2018-11-28','8','1',NULL,NULL,NULL,NULL,'20160010054',75,'20160010080'),(79,'2018-11-09','2018-11-24','2018-11-28','8','1',NULL,NULL,NULL,NULL,'20160010054',76,'20160010081'),(80,'2018-11-09','2018-11-24','2018-11-28','8','1',NULL,NULL,NULL,NULL,'20160010054',77,'20160010082'),(81,'2018-11-09','2018-11-24','2018-11-28','8','1',NULL,NULL,NULL,NULL,'20160010054',78,'20160010083'),(82,'2018-11-09','2018-11-24','2018-11-28','8','1',NULL,NULL,NULL,NULL,'20160010054',79,'20160010086'),(83,'2018-11-09','2018-11-24','2018-11-28','8','1',NULL,NULL,NULL,NULL,'20160010054',80,'20160010087'),(84,'2018-11-09','2018-11-24','2018-11-28','8','1',NULL,NULL,NULL,NULL,'20160010054',81,'20160010088'),(85,'2018-11-09','2018-11-24','2018-11-28','8','1',NULL,NULL,NULL,NULL,'20160010054',82,'20160010089'),(86,'2018-11-09','2018-11-24','2018-11-28','8','1',NULL,NULL,NULL,NULL,'20160010054',83,'20160010090'),(87,'2018-11-09','2018-11-24','0000-00-00','0','0',NULL,NULL,NULL,NULL,'20160010054',84,'20160010091'),(88,'2018-11-09','2018-11-24','0000-00-00','0','0',NULL,NULL,NULL,NULL,'20160010054',85,'20160010092'),(89,'2018-11-09','2018-11-24','0000-00-00','0','0',NULL,NULL,NULL,NULL,'20160010054',86,'20160010093'),(90,'2018-11-09','2018-11-24','0000-00-00','0','0',NULL,NULL,NULL,NULL,'20160010054',87,'20160010094'),(91,'2018-11-09','2018-11-24','0000-00-00','0','0',NULL,NULL,NULL,NULL,'20160010054',88,'20160010095'),(92,'2018-11-09','2018-11-24','0000-00-00','0','0',NULL,NULL,NULL,NULL,'20160010054',89,'20160010096'),(93,'2018-11-09','2018-11-24','0000-00-00','0','0',NULL,NULL,NULL,NULL,'20160010054',90,'20160010097'),(94,'2018-11-09','2018-11-24','0000-00-00','0','0',NULL,NULL,NULL,NULL,'20160010054',91,'20160010098'),(95,'2018-11-09','2018-11-24','0000-00-00','0','0',NULL,NULL,NULL,NULL,'20160010054',92,'20160010099'),(96,'2018-11-09','2018-11-24','0000-00-00','0','0',NULL,NULL,NULL,NULL,'20160010054',93,'20160010100'),(97,'2018-11-10','2018-11-25','0000-00-00','0','0',NULL,NULL,NULL,NULL,'20160010054',94,'20160010101'),(98,'2018-11-10','2018-11-25','0000-00-00','0','0',NULL,NULL,NULL,NULL,'20160010054',95,'20160010102'),(99,'2018-11-10','2018-11-25','0000-00-00','0','0',NULL,NULL,NULL,NULL,'20160010054',96,'20160010103'),(100,'2018-11-10','2018-11-25','0000-00-00','0','0',NULL,NULL,NULL,NULL,'20160010054',97,'20160010104'),(101,'2018-11-10','2018-11-25','0000-00-00','0','0',NULL,NULL,NULL,NULL,'20160010054',98,'20160010105'),(102,'2018-11-10','2018-11-25','0000-00-00','0','0',NULL,NULL,NULL,NULL,'20160010054',99,'20160010106'),(103,'2018-11-10','2018-11-25','0000-00-00','0','0',NULL,NULL,NULL,NULL,'20160010054',100,'20160010107'),(104,'2018-11-10','2018-11-25','0000-00-00','0','0',NULL,NULL,NULL,NULL,'20160010054',101,'20160010108'),(105,'2018-11-10','2018-11-25','0000-00-00','0','0',NULL,NULL,NULL,NULL,'20160010054',102,'20160010162'),(106,'2018-11-10','2018-11-25','0000-00-00','0','0',NULL,NULL,NULL,NULL,'20160010054',103,'20160020155'),(107,'2018-11-10','2018-11-25','0000-00-00','0','0',NULL,NULL,NULL,NULL,'20160010054',104,'20160020109'),(108,'2018-11-10','2018-11-25','0000-00-00','0','0',NULL,NULL,NULL,NULL,'20160010054',105,'20160020110'),(109,'2018-11-10','2018-11-25','2018-11-30','10','1',NULL,NULL,NULL,NULL,'20160010054',106,'20160020111'),(110,'2018-11-10','2018-11-25','2018-11-30','10','1',NULL,NULL,NULL,NULL,'20160010054',107,'20160020112'),(111,'2018-11-10','2018-11-25','2018-11-30','10','1',NULL,NULL,NULL,NULL,'20160010054',108,'20160020113'),(112,'2018-11-10','2018-11-25','2018-11-30','10','1',NULL,NULL,NULL,NULL,'20160010054',109,'20160020114'),(113,'2018-11-10','2018-11-25','2018-11-30','10','1',NULL,NULL,NULL,NULL,'20160010054',110,'20160020115'),(114,'2018-11-10','2018-11-25','2018-11-30','10','1',NULL,NULL,NULL,NULL,'20160010054',111,'20160020116'),(115,'2018-11-10','2018-11-25','2018-11-30','10','1',NULL,NULL,NULL,NULL,'20160010054',112,'20160020117'),(116,'2018-11-10','2018-11-25','2018-11-30','10','1',NULL,NULL,NULL,NULL,'20160010054',113,'20160020118'),(117,'2018-11-10','2018-11-25','2018-11-30','10','1',NULL,NULL,NULL,NULL,'20160010054',114,'20160020119'),(118,'2018-11-10','2018-11-25','2018-11-30','10','1',NULL,NULL,NULL,NULL,'20160010054',115,'20160020120'),(119,'2018-11-10','2018-11-25','2018-11-30','10','1',NULL,NULL,NULL,NULL,'20160010054',116,'20160020122'),(120,'2018-11-10','2018-11-25','2018-11-30','10','1',NULL,NULL,NULL,NULL,'20160010054',117,'20160020123'),(121,'2018-11-10','2018-11-25','2018-11-30','10','1',NULL,NULL,NULL,NULL,'20160010054',118,'20160020124'),(122,'2018-11-10','2018-11-25','2018-11-30','10','1',NULL,NULL,NULL,NULL,'20160010054',119,'20160020125'),(123,'2018-11-10','2018-11-25','2018-11-30','10','1',NULL,NULL,NULL,NULL,'20160010054',120,'20160020126'),(124,'2018-11-10','2018-11-25','2018-11-30','10','1',NULL,NULL,NULL,NULL,'20160010054',121,'20160020127'),(125,'2018-11-10','2018-11-25','2018-11-30','10','1',NULL,NULL,NULL,NULL,'20160010054',122,'20160020128'),(126,'2018-11-10','2018-11-25','2018-11-30','10','1',NULL,NULL,NULL,NULL,'20160010054',123,'20160020129'),(127,'2018-11-10','2018-11-25','2018-11-30','10','1',NULL,NULL,NULL,NULL,'20160010054',124,'20160020130'),(128,'2018-11-10','2018-11-25','2018-11-30','10','1',NULL,NULL,NULL,NULL,'20160010054',125,'20160020131'),(129,'2018-11-10','2018-11-25','2018-11-30','10','1',NULL,NULL,NULL,NULL,'20160010054',126,'20160020132'),(130,'2018-11-10','2018-11-25','2018-11-30','10','1',NULL,NULL,NULL,NULL,'20160010054',127,'20160020133'),(131,'2018-11-10','2018-11-25','2018-11-30','10','1',NULL,NULL,NULL,NULL,'20160010054',128,'20160020134'),(132,'2018-11-10','2018-11-25','2018-11-30','10','1',NULL,NULL,NULL,NULL,'20160010054',129,'20160020135'),(133,'2018-11-10','2018-11-25','2018-11-30','10','1',NULL,NULL,NULL,NULL,'20160010054',130,'20160020136'),(134,'2018-11-10','2018-11-25','2018-11-30','10','1',NULL,NULL,NULL,NULL,'20160010054',131,'20160020137'),(135,'2018-11-10','2018-11-25','2018-11-30','10','1',NULL,NULL,NULL,NULL,'20160010054',132,'20160020138'),(136,'2018-11-10','2018-11-25','2018-11-30','10','1',NULL,NULL,NULL,NULL,'20160010054',133,'20160020139'),(137,'2018-11-10','2018-11-25','2018-11-30','10','1',NULL,NULL,NULL,NULL,'20160010054',134,'20160020140'),(138,'2018-11-10','2018-11-25','2018-11-30','10','1',NULL,NULL,NULL,NULL,'20160010054',135,'20160020141'),(139,'2018-11-10','2018-11-25','2018-11-30','10','1',NULL,NULL,NULL,NULL,'20160010054',136,'20160020142'),(140,'2018-11-10','2018-11-25','2018-11-30','10','1',NULL,NULL,NULL,NULL,'20160010054',137,'20160020143'),(141,'2018-11-10','2018-11-25','2018-11-30','10','1',NULL,NULL,NULL,NULL,'20160010054',138,'20160020144'),(142,'2018-11-10','2018-11-25','2018-11-30','10','1',NULL,NULL,NULL,NULL,'20160010054',139,'20160020145'),(143,'2018-11-10','2018-11-25','2018-11-30','10','1',NULL,NULL,NULL,NULL,'20160010054',140,'20160020147'),(144,'2018-11-10','2018-11-25','2018-11-30','10','1',NULL,NULL,NULL,NULL,'20160010054',141,'20160020148'),(145,'2018-11-10','2018-11-25','2018-11-30','10','1',NULL,NULL,NULL,NULL,'20160010054',142,'20160020149'),(146,'2018-11-10','2018-11-25','2018-11-30','10','1',NULL,NULL,NULL,NULL,'20160010054',143,'20160020150'),(147,'2018-11-10','2018-11-25','2018-11-30','10','1',NULL,NULL,NULL,NULL,'20160010054',144,'20160020151'),(148,'2018-11-10','2018-11-25','2018-11-30','10','1',NULL,NULL,NULL,NULL,'20160010054',145,'20160020153'),(149,'2018-11-10','2018-11-25','2018-11-30','10','1',NULL,NULL,NULL,NULL,'20160010054',146,'20160020154'),(150,'2018-11-10','2018-11-25','2018-11-30','10','1',NULL,NULL,NULL,NULL,'20160010054',147,'20160020156'),(151,'2018-11-10','2018-11-25','2018-11-30','10','1',NULL,NULL,NULL,NULL,'20160010054',148,'20160020157'),(152,'2018-11-10','2018-11-25','2018-11-30','10','1',NULL,NULL,NULL,NULL,'20160010054',149,'20160020158'),(153,'2018-11-10','2018-11-25','2018-11-30','10','1',NULL,NULL,NULL,NULL,'20160010054',150,'20160020159'),(154,'2018-11-10','2018-11-25','2018-11-30','10','1',NULL,NULL,NULL,NULL,'20160010054',151,'20160020160'),(155,'2018-11-10','2018-11-25','2018-11-30','10','1',NULL,NULL,NULL,NULL,'20160010054',152,'20160020161'),(156,'2018-11-10','2018-11-25','2018-11-30','10','1',NULL,NULL,NULL,NULL,'20160010054',153,'20160020163'),(157,'2018-11-10','2018-11-25','2018-11-30','10','1',NULL,NULL,NULL,NULL,'20160010054',154,'20160010084'),(158,'2018-11-10','2018-11-25','2018-11-30','10','1',NULL,NULL,NULL,NULL,'20160010054',155,'20150020045'),(159,'2018-11-10','2018-11-25','2018-11-30','10','1',NULL,NULL,NULL,NULL,'20160010054',156,'20150020026'),(160,'2018-11-10','2018-11-25','2018-11-30','10','1',NULL,NULL,NULL,NULL,'20160010054',157,'20140020014'),(161,'2018-12-10','2018-12-24','2018-12-31','14','1',NULL,NULL,NULL,'2018-12-09 21:14:35.977939','20160010054',2078,'20160020158'),(162,'2018-12-10','2018-12-24',NULL,'0','0',NULL,NULL,NULL,'2018-12-09 21:16:57.184508','20160010054',2077,'20160020128'),(163,'2018-12-10','2018-12-24','2018-12-27','6','1',NULL,NULL,NULL,'2018-12-09 21:17:21.108495','20160010054',2079,'20160010098');
/*!40000 ALTER TABLE `library_issue_master` ENABLE KEYS */;
UNLOCK TABLES;

--
-- Table structure for table `library_newsfeed`
--

DROP TABLE IF EXISTS `library_newsfeed`;
/*!40101 SET @saved_cs_client     = @@character_set_client */;
/*!40101 SET character_set_client = utf8 */;
CREATE TABLE `library_newsfeed` (
  `id` int(11) NOT NULL AUTO_INCREMENT,
  `Description` varchar(1000) NOT NULL,
  `Current_date` date DEFAULT NULL,
  `Designate_date` date DEFAULT NULL,
  `Created_by` varchar(45) DEFAULT NULL,
  `Created_at` datetime(6) DEFAULT NULL,
  `Modified_by` varchar(45) DEFAULT NULL,
  `Modified_at` datetime(6) DEFAULT NULL,
  PRIMARY KEY (`id`)
) ENGINE=InnoDB DEFAULT CHARSET=latin1;
/*!40101 SET character_set_client = @saved_cs_client */;

--
-- Dumping data for table `library_newsfeed`
--

LOCK TABLES `library_newsfeed` WRITE;
/*!40000 ALTER TABLE `library_newsfeed` DISABLE KEYS */;
/*!40000 ALTER TABLE `library_newsfeed` ENABLE KEYS */;
UNLOCK TABLES;

--
-- Table structure for table `library_orderbook`
--

DROP TABLE IF EXISTS `library_orderbook`;
/*!40101 SET @saved_cs_client     = @@character_set_client */;
/*!40101 SET character_set_client = utf8 */;
CREATE TABLE `library_orderbook` (
  `id` int(11) NOT NULL AUTO_INCREMENT,
  `Book_name` varchar(45) NOT NULL,
  `Author` varchar(45) NOT NULL,
  `Created_by` varchar(45) DEFAULT NULL,
  `Created_at` datetime(6) DEFAULT NULL,
  `Modified_by` varchar(45) DEFAULT NULL,
  `Modified_at` datetime(6) NOT NULL,
  `User_id_id` varchar(45) NOT NULL,
  PRIMARY KEY (`id`),
  KEY `library_orderbook_User_id_id_a6b0df78_fk_library_user_User_id` (`User_id_id`),
  CONSTRAINT `library_orderbook_User_id_id_a6b0df78_fk_library_user_User_id` FOREIGN KEY (`User_id_id`) REFERENCES `library_user` (`User_id`)
) ENGINE=InnoDB AUTO_INCREMENT=150 DEFAULT CHARSET=latin1;
/*!40101 SET character_set_client = @saved_cs_client */;

--
-- Dumping data for table `library_orderbook`
--

LOCK TABLES `library_orderbook` WRITE;
/*!40000 ALTER TABLE `library_orderbook` DISABLE KEYS */;
INSERT INTO `library_orderbook` VALUES (1,'Digital Image Processing','Wakerly John F.',NULL,NULL,NULL,'0000-00-00 00:00:00.000000','20160010001'),(2,'Digital Image Processing','Wakerly John F.',NULL,NULL,NULL,'0000-00-00 00:00:00.000000','20160010002'),(3,'Digital Image Processing','Wakerly John F.',NULL,NULL,NULL,'0000-00-00 00:00:00.000000','20160010003'),(4,'Digital Logic and Computer Design','Gonzalez Rafael C.',NULL,NULL,NULL,'0000-00-00 00:00:00.000000','20160010004'),(5,'Digital Logic and Computer Design','Gonzalez Rafael C.',NULL,NULL,NULL,'0000-00-00 00:00:00.000000','20160010005'),(6,'Digital signal Processing','Gonzalez Rafael C.',NULL,NULL,NULL,'0000-00-00 00:00:00.000000','20160010006'),(7,'\"Digital signal Processing: Principles',' algorithms & Applications\"',NULL,NULL,NULL,'0000-00-00 00:00:00.000000','20160010007'),(8,'\"Digital signal Processing: Principles',' algorithms & Applications\"',NULL,NULL,NULL,'0000-00-00 00:00:00.000000','20160010009'),(9,'Discrete time signal Processing','Mano Morris.M',NULL,NULL,NULL,'0000-00-00 00:00:00.000000','20160010010'),(10,'Discrete time signal Processing','Mano Morris.M',NULL,NULL,NULL,'0000-00-00 00:00:00.000000','20160010011'),(11,'Discrete time signal Processing','Oppenheim v. Alan',NULL,NULL,NULL,'0000-00-00 00:00:00.000000','20160010013'),(12,'Fundamentals of Speech Recognition','Proakis John G.',NULL,NULL,NULL,'0000-00-00 00:00:00.000000','20160010014'),(13,'Graphy theory','Proakis John G.',NULL,NULL,NULL,'0000-00-00 00:00:00.000000','20160010015'),(14,'Introduction to Probability Models','Oppenheim v. Alan',NULL,NULL,NULL,'0000-00-00 00:00:00.000000','20160010016'),(15,'Introduction to Probability Models','Oppenheim v. Alan',NULL,NULL,NULL,'0000-00-00 00:00:00.000000','20160010017'),(16,'Introduction to Probability Models','Oppenheim v. Alan',NULL,NULL,NULL,'0000-00-00 00:00:00.000000','20160010018'),(17,'Kennedy\'s Electronics communication Systems','Rabiner Lawrence',NULL,NULL,NULL,'0000-00-00 00:00:00.000000','20160010019'),(18,'Kennedy\'s Electronics communication Systems','Bondy J.A',NULL,NULL,NULL,'0000-00-00 00:00:00.000000','20160010020'),(19,'Kennedy\'s Electronics communication Systems','Ross Sheldon',NULL,NULL,NULL,'0000-00-00 00:00:00.000000','20160010021'),(20,'John E. Freund\'s Mathematical statistics with','Ross Sheldon',NULL,NULL,NULL,'0000-00-00 00:00:00.000000','20160010022'),(21,'John E. Freund\'s Mathematical statistics with','Ross Sheldon',NULL,NULL,NULL,'0000-00-00 00:00:00.000000','20160010023'),(22,'John E. Freund\'s Mathematical statistics with','Kennedy George',NULL,NULL,NULL,'0000-00-00 00:00:00.000000','20160010024'),(23,'Principles of linear systems and signals','Kennedy George',NULL,NULL,NULL,'0000-00-00 00:00:00.000000','20160010025'),(24,'Principles of linear systems and signals','Kennedy George',NULL,NULL,NULL,'0000-00-00 00:00:00.000000','20160010026'),(25,'Principles of linear systems and signals','Miller Irwin',NULL,NULL,NULL,'0000-00-00 00:00:00.000000','20160010027'),(26,'Principles of linear systems and signals','Miller Irwin',NULL,NULL,NULL,'0000-00-00 00:00:00.000000','20160010028'),(27,'Signals and systems','Miller Irwin',NULL,NULL,NULL,'0000-00-00 00:00:00.000000','20160010029'),(28,'Signals and systems','Lathi.B.P',NULL,NULL,NULL,'0000-00-00 00:00:00.000000','20160010030'),(29,'\"Theory and application of Digital signal Pro',' algorithms & Applications\"',NULL,NULL,NULL,'0000-00-00 00:00:00.000000','20160010031'),(30,'\"Theory and application of Digital signal Pro',' algorithms & Applications\"',NULL,NULL,NULL,'0000-00-00 00:00:00.000000','20160010032'),(31,'\"Theory and application of Digital signal Pro',' algorithms & Applications\"',NULL,NULL,NULL,'0000-00-00 00:00:00.000000','20160010033'),(32,'\"Digital signal Processing: Principles',' algorithms & Applications\"',NULL,NULL,NULL,'0000-00-00 00:00:00.000000','20160010034'),(33,'Fundamentals of Speech Recognition','Haykin Simon',NULL,NULL,NULL,'0000-00-00 00:00:00.000000','20160010035'),(34,'Algorithm Design','Rabiner.R Lawrence',NULL,NULL,NULL,'0000-00-00 00:00:00.000000','20160010036'),(35,'Algorithm Design','Rabiner.R Lawrence',NULL,NULL,NULL,'0000-00-00 00:00:00.000000','20160010037'),(36,'Communication Systems','Rabiner.R Lawrence',NULL,NULL,NULL,'0000-00-00 00:00:00.000000','20160010038'),(37,'Communication Systems','Proakis John G.',NULL,NULL,NULL,'0000-00-00 00:00:00.000000','20160010039'),(38,'Fundamentals of Speech Recognition','Rabiner Lawrence',NULL,NULL,NULL,'0000-00-00 00:00:00.000000','20160010040'),(39,'The C Programming Language','Kleinberg Jon',NULL,NULL,NULL,'0000-00-00 00:00:00.000000','20160010041'),(40,'The C Programming Language','Kleinberg Jon',NULL,NULL,NULL,'0000-00-00 00:00:00.000000','20160010042'),(41,'Digital Image Processing','Haykin Simon',NULL,NULL,NULL,'0000-00-00 00:00:00.000000','20160010043'),(42,'Digital Image Processing','Haykin Simon',NULL,NULL,NULL,'0000-00-00 00:00:00.000000','20160010044'),(43,'Digital Image Processing','Rabiner Lawrence',NULL,NULL,NULL,'0000-00-00 00:00:00.000000','20160010045'),(44,'Digital Image Processing','Kernighan W. Brain',NULL,NULL,NULL,'0000-00-00 00:00:00.000000','20160010046'),(45,'Digital Image Processing','Kernighan W. Brain',NULL,NULL,NULL,'0000-00-00 00:00:00.000000','20160010047'),(46,'Signals and systems','Gonzalez Rafael C.',NULL,NULL,NULL,'0000-00-00 00:00:00.000000','20160010048'),(47,'Signals and systems','Gonzalez Rafael C.',NULL,NULL,NULL,'0000-00-00 00:00:00.000000','20160010049'),(48,'Signals and systems','Gonzalez Rafael C.',NULL,NULL,NULL,'0000-00-00 00:00:00.000000','20160010050'),(49,'Signals and systems','Gonzalez Rafael C.',NULL,NULL,NULL,'0000-00-00 00:00:00.000000','20160010051'),(50,'Signals and systems','Gonzalez Rafael C.',NULL,NULL,NULL,'0000-00-00 00:00:00.000000','20160010052'),(51,'Signals and systems','HSU Hwei P',NULL,NULL,NULL,'0000-00-00 00:00:00.000000','20160010053'),(52,'Signals and systems','HSU Hwei P',NULL,NULL,NULL,'0000-00-00 00:00:00.000000','20160010054'),(53,'Signals and systems','HSU Hwei P',NULL,NULL,NULL,'0000-00-00 00:00:00.000000','20160010055'),(54,'Signals and systems','Oppenheim v. Alan',NULL,NULL,NULL,'0000-00-00 00:00:00.000000','20160010056'),(55,'Signals and systems','Oppenheim v. Alan',NULL,NULL,NULL,'0000-00-00 00:00:00.000000','20160010057'),(56,'Signals and systems','Oppenheim v. Alan',NULL,NULL,NULL,'0000-00-00 00:00:00.000000','20160010058'),(57,'Signals and systems','Oppenheim v. Alan',NULL,NULL,NULL,'0000-00-00 00:00:00.000000','20160010059'),(58,'Signals and systems','Oppenheim v. Alan',NULL,NULL,NULL,'0000-00-00 00:00:00.000000','20160010060'),(59,'Signals and systems','Oppenheim v. Alan',NULL,NULL,NULL,'0000-00-00 00:00:00.000000','20160010061'),(60,'Computer Science: A Structured programmin app','Oppenheim v. Alan',NULL,NULL,NULL,'0000-00-00 00:00:00.000000','20160010063'),(61,'Computer Science: A Structured programmin app','Haykin Simon',NULL,NULL,NULL,'0000-00-00 00:00:00.000000','20160010064'),(62,'Computer Science: A Structured programmin app','Haykin Simon',NULL,NULL,NULL,'0000-00-00 00:00:00.000000','20160010065'),(63,'Fundamentals of Computer algorithms','Haykin Simon',NULL,NULL,NULL,'0000-00-00 00:00:00.000000','20160010066'),(64,'Fundamentals of Computer algorithms','Haykin Simon',NULL,NULL,NULL,'0000-00-00 00:00:00.000000','20160010067'),(65,'Principles of linear systems and signals','Forouzan S. Behrouz',NULL,NULL,NULL,'0000-00-00 00:00:00.000000','20160010068'),(66,'Principles of linear systems and signals','Forouzan S. Behrouz',NULL,NULL,NULL,'0000-00-00 00:00:00.000000','20160010069'),(67,'Digital signal Processing','Forouzan S. Behrouz',NULL,NULL,NULL,'0000-00-00 00:00:00.000000','20160010071'),(68,'Digital signal Processing','Horowitz Ellis',NULL,NULL,NULL,'0000-00-00 00:00:00.000000','20160010072'),(69,'Digital signal Processing','Horowitz Ellis',NULL,NULL,NULL,'0000-00-00 00:00:00.000000','20160010073'),(70,'Digital signal Processing','Lathi.B.P',NULL,NULL,NULL,'0000-00-00 00:00:00.000000','20160010074'),(71,'Introduction to Digital signal Processing','Lathi.B.P',NULL,NULL,NULL,'0000-00-00 00:00:00.000000','20160010075'),(72,'Introduction to Digital signal Processing','Oppenheim v. Alan',NULL,NULL,NULL,'0000-00-00 00:00:00.000000','20160010077'),(73,'Introduction to Digital signal Processing','Oppenheim v. Alan',NULL,NULL,NULL,'0000-00-00 00:00:00.000000','20160010078'),(74,'Fundamentals of Computer algorithms','Oppenheim v. Alan',NULL,NULL,NULL,'0000-00-00 00:00:00.000000','20160010079'),(75,'Fundamentals of Computer algorithms','Oppenheim v. Alan',NULL,NULL,NULL,'0000-00-00 00:00:00.000000','20160010080'),(76,'Fundamentals of Computer algorithms','Johnny R. Johnson',NULL,NULL,NULL,'0000-00-00 00:00:00.000000','20160010081'),(77,'Fundamentals of Computer algorithms','Johnny R. Johnson',NULL,NULL,NULL,'0000-00-00 00:00:00.000000','20160010082'),(78,'Fundamentals of Computer algorithms','Johnny R. Johnson',NULL,NULL,NULL,'0000-00-00 00:00:00.000000','20160010083'),(79,'Algorithm Design','Horowitz Ellis',NULL,NULL,NULL,'0000-00-00 00:00:00.000000','20160010086'),(80,'Algorithm Design','Horowitz Ellis',NULL,NULL,NULL,'0000-00-00 00:00:00.000000','20160010087'),(81,'Algorithms','Horowitz Ellis',NULL,NULL,NULL,'0000-00-00 00:00:00.000000','20160010088'),(82,'Introduction to Graph Theory','Horowitz Ellis',NULL,NULL,NULL,'0000-00-00 00:00:00.000000','20160010089'),(83,'Introduction to Graph Theory','Horowitz Ellis',NULL,NULL,NULL,'0000-00-00 00:00:00.000000','20160010090'),(84,'Operating Systems Concepts','Kleinberg jon',NULL,NULL,NULL,'0000-00-00 00:00:00.000000','20160010091'),(85,'Operating Systems Concepts','Kleinberg jon',NULL,NULL,NULL,'0000-00-00 00:00:00.000000','20160010092'),(86,'Operating Systems Concepts','Dasgupta Sanjoy',NULL,NULL,NULL,'0000-00-00 00:00:00.000000','20160010093'),(87,'Operating Systems Concepts','West Douglas B.',NULL,NULL,NULL,'0000-00-00 00:00:00.000000','20160010094'),(88,'Operating Systems Concepts','West Douglas B.',NULL,NULL,NULL,'0000-00-00 00:00:00.000000','20160010095'),(89,'The C Programming Language','Silberschatz Abraham',NULL,NULL,NULL,'0000-00-00 00:00:00.000000','20160010096'),(90,'The C Programming Language','Silberschatz Abraham',NULL,NULL,NULL,'0000-00-00 00:00:00.000000','20160010097'),(91,'Algorithms','Silberschatz Abraham',NULL,NULL,NULL,'0000-00-00 00:00:00.000000','20160010098'),(92,'Operating Systems : A Design Oriented Approac','Silberschatz Abraham',NULL,NULL,NULL,'0000-00-00 00:00:00.000000','20160010099'),(93,'Operating Systems : A Design Oriented Approac','Silberschatz Abraham',NULL,NULL,NULL,'0000-00-00 00:00:00.000000','20160010100'),(94,'Operating Systems : A Design Oriented Approac','Kernighan W. Brain',NULL,NULL,NULL,'0000-00-00 00:00:00.000000','20160010101'),(95,'Computer Science: A Structured programmin app','Kernighan W. Brain',NULL,NULL,NULL,'0000-00-00 00:00:00.000000','20160010102'),(96,'Computer Science: A Structured programmin app','Dasgupta Sanjoy',NULL,NULL,NULL,'0000-00-00 00:00:00.000000','20160010103'),(97,'Discrete Mathematics and Its applications','Crowley Charles',NULL,NULL,NULL,'0000-00-00 00:00:00.000000','20160010104'),(98,'Discrete Mathematics and Its applications','Crowley Charles',NULL,NULL,NULL,'0000-00-00 00:00:00.000000','20160010105'),(99,'Discrete Mathematics and Its applications','Crowley Charles',NULL,NULL,NULL,'0000-00-00 00:00:00.000000','20160010106'),(100,'The C ++ Programming Language','Forouzan S. Behrouz',NULL,NULL,NULL,'0000-00-00 00:00:00.000000','20160010107'),(101,'Communication Systems','Forouzan S. Behrouz',NULL,NULL,NULL,'0000-00-00 00:00:00.000000','20160010108'),(102,'Communication Systems','Rosen H. Kenneth',NULL,NULL,NULL,'0000-00-00 00:00:00.000000','20160010162'),(103,'Communication Systems','Rosen H. Kenneth',NULL,NULL,NULL,'0000-00-00 00:00:00.000000','20160020155'),(104,'Communication Systems','Rosen H. Kenneth',NULL,NULL,NULL,'0000-00-00 00:00:00.000000','20160020109'),(105,'Communication Systems','Stroustrup Bjarne',NULL,NULL,NULL,'0000-00-00 00:00:00.000000','20160020110'),(106,'Operating Systems: Internals and Design Princ','Haykin Simon',NULL,NULL,NULL,'0000-00-00 00:00:00.000000','20160020111'),(107,'Operating Systems: Internals and Design Princ','Haykin Simon',NULL,NULL,NULL,'0000-00-00 00:00:00.000000','20160020112'),(108,'Operating Systems: Internals and Design Princ','Haykin Simon',NULL,NULL,NULL,'0000-00-00 00:00:00.000000','20160020113'),(109,'Operating Systems: Internals and Design Princ','Haykin Simon',NULL,NULL,NULL,'0000-00-00 00:00:00.000000','20160020114'),(110,'Operating Systems: Internals and Design Princ','Haykin Simon',NULL,NULL,NULL,'0000-00-00 00:00:00.000000','20160020115'),(111,'Introduction to Automat theory languages and ','Stallings William',NULL,NULL,NULL,'0000-00-00 00:00:00.000000','20160020116'),(112,'Introduction to Automat theory languages and ','Stallings William',NULL,NULL,NULL,'0000-00-00 00:00:00.000000','20160020117'),(113,'Introduction to Automat theory languages and ','Sudhakar A',NULL,NULL,NULL,'0000-00-00 00:00:00.000000','20160020118'),(114,'Introduction to The theory of Computation','Sudhakar A',NULL,NULL,NULL,'0000-00-00 00:00:00.000000','20160020119'),(115,'Introduction to The theory of Computation','Ross Sheldon',NULL,NULL,NULL,'0000-00-00 00:00:00.000000','20160020120'),(116,'Introduction to The theory of Computation','Ross Sheldon',NULL,NULL,NULL,'0000-00-00 00:00:00.000000','20160020122'),(117,'Engineering circiut Analysis','Ross Sheldon',NULL,NULL,NULL,'0000-00-00 00:00:00.000000','20160020123'),(118,'Engineering circiut Analysis','Kreyszig Erwin',NULL,NULL,NULL,'0000-00-00 00:00:00.000000','20160020124'),(119,'Engineering circiut Analysis','Kreyszig Erwin',NULL,NULL,NULL,'0000-00-00 00:00:00.000000','20160020125'),(120,'Engineering circiut Analysis','Haykin Simon',NULL,NULL,NULL,'0000-00-00 00:00:00.000000','20160020126'),(121,'Engineering circiut Analysis','Haykin Simon',NULL,NULL,NULL,'0000-00-00 00:00:00.000000','20160020127'),(122,'Engineering circiut Analysis','Bhattacharya P.B.',NULL,NULL,NULL,'0000-00-00 00:00:00.000000','20160020128'),(123,'Engineering circiut Analysis','Haykin Simon',NULL,NULL,NULL,'0000-00-00 00:00:00.000000','20160020129'),(124,'Circuits and Networks: Analysis and Syntesis','Haykin Simon',NULL,NULL,NULL,'0000-00-00 00:00:00.000000','20160020130'),(125,'Circuits and Networks: Analysis and Syntesis','Haykin Simon',NULL,NULL,NULL,'0000-00-00 00:00:00.000000','20160020131'),(126,'Circuits and Networks: Analysis and Syntesis','Haykin Simon',NULL,NULL,NULL,'0000-00-00 00:00:00.000000','20160020132'),(127,'Circuits and Networks: Analysis and Syntesis','Haykin Simon',NULL,NULL,NULL,'0000-00-00 00:00:00.000000','20160020133'),(128,'Circuits and Networks: Analysis and Syntesis','Hamacher Carl',NULL,NULL,NULL,'0000-00-00 00:00:00.000000','20160020134'),(129,'Data Structures Using C and C ++','Hamacher Carl',NULL,NULL,NULL,'0000-00-00 00:00:00.000000','20160020135'),(130,'Data Structures Using C and C ++','Hamacher Carl',NULL,NULL,NULL,'0000-00-00 00:00:00.000000','20160020136'),(131,'Data Structures Using C and C ++','Stallings William',NULL,NULL,NULL,'0000-00-00 00:00:00.000000','20160020137'),(132,'Digital Communication','Stallings William',NULL,NULL,NULL,'0000-00-00 00:00:00.000000','20160020138'),(133,'Digital Communication','Stallings William',NULL,NULL,NULL,'0000-00-00 00:00:00.000000','20160020139'),(134,'Digital Image Processing and analysis','Sudhakar A',NULL,NULL,NULL,'0000-00-00 00:00:00.000000','20160020140'),(135,'Digital Image Processing and analysis','Ross Sheldon',NULL,NULL,NULL,'0000-00-00 00:00:00.000000','20160020141'),(136,'Discrete and Combinatorial Mathematics','Ross Sheldon',NULL,NULL,NULL,'0000-00-00 00:00:00.000000','20160020142'),(137,'Discrete and Combinatorial Mathematics','Ross Sheldon',NULL,NULL,NULL,'0000-00-00 00:00:00.000000','20160020143'),(138,'Discrete and Combinatorial Mathematics','Kreyszig Erwin',NULL,NULL,NULL,'0000-00-00 00:00:00.000000','20160020144'),(139,'Fundamentals of Data Structures in C','Kreyszig Erwin',NULL,NULL,NULL,'0000-00-00 00:00:00.000000','20160020145'),(140,'Fundamentals of Data Structures in C','Haykin Simon',NULL,NULL,NULL,'0000-00-00 00:00:00.000000','20160020147'),(141,'Fundamentals of Data Structures in C','Haykin Simon',NULL,NULL,NULL,'0000-00-00 00:00:00.000000','20160020148'),(142,'Fundamentals of Data Structures in C','Bhattacharya P.B.',NULL,NULL,NULL,'0000-00-00 00:00:00.000000','20160020149'),(143,'Fundamentals of Data Structures in C','Haykin Simon',NULL,NULL,NULL,'0000-00-00 00:00:00.000000','20160020150'),(144,'Fundamentals of Data Structures in C++','Haykin Simon',NULL,NULL,NULL,'0000-00-00 00:00:00.000000','20160020151'),(145,'Fundamentals of Data Structures in C++','Haykin Simon',NULL,NULL,NULL,'0000-00-00 00:00:00.000000','20160020153'),(146,'Fundamentals of Data Structures in C++','Haykin Simon',NULL,NULL,NULL,'0000-00-00 00:00:00.000000','20160020154'),(147,'Kennedy\'s Electronics communication Systems','Haykin Simon',NULL,NULL,NULL,'0000-00-00 00:00:00.000000','20160020156'),(148,'Kennedy\'s Electronics communication Systems','Hamacher Carl',NULL,NULL,NULL,'0000-00-00 00:00:00.000000','20160020157'),(149,'Linear algebra','Hamacher Carl',NULL,NULL,NULL,'0000-00-00 00:00:00.000000','20160020158');
/*!40000 ALTER TABLE `library_orderbook` ENABLE KEYS */;
UNLOCK TABLES;

--
-- Table structure for table `library_user`
--

DROP TABLE IF EXISTS `library_user`;
/*!40101 SET @saved_cs_client     = @@character_set_client */;
/*!40101 SET character_set_client = utf8 */;
CREATE TABLE `library_user` (
  `User_id` varchar(45) NOT NULL,
  `User_name` varchar(45) NOT NULL,
  `User_mail` varchar(45) NOT NULL,
  `User_pwd` varchar(45) NOT NULL,
  PRIMARY KEY (`User_id`)
) ENGINE=InnoDB DEFAULT CHARSET=latin1;
/*!40101 SET character_set_client = @saved_cs_client */;

--
-- Dumping data for table `library_user`
--

LOCK TABLES `library_user` WRITE;
/*!40000 ALTER TABLE `library_user` DISABLE KEYS */;
INSERT INTO `library_user` VALUES ('\"','no','yes',''),('20140020014','DOGGA NAVYA','',''),('20150020026','MADUGULA PRASHANTH','',''),('20150020045','VELICHETI MALLIKARJUNA SIMHACHALAM RAYUDU','',''),('20160010001','AAKASH SHUKLA','Yes','Yes'),('20160010002','ADITYA HARIDAS MENON','yes','yes'),('20160010003','AKURATHI DHARANI DEVI','yes','yes'),('20160010004','ANIRUDH KANNAN V P','YES','YES'),('20160010005','ANUBHAV UJJAWAL','YES','YES'),('20160010006','ANURAG GUPTA','YES','YES'),('20160010007','ARVIND DESHRAJ','YES','YES'),('20160010009','BARINELA JAHNAVI','YES','YES'),('20160010010','BARRENKALA VEDA','Yes','Yes'),('20160010011','BHAVI CHAWLA','Yes','Yes'),('20160010013','BIKKI HINDUJA','Yes','Yes'),('20160010014','BILLAKURTI SUDHEERA SIVANI','Yes','Yes'),('20160010015','BOLLAPRAGADA VEENA PRATHYUSHA','Yes','Yes'),('20160010016','CHALAPAKA NIHARIKA ','Yes','Yes'),('20160010017','CHANDRAJEET CHOUDHARY','Yes','Yes'),('20160010018','CHINMAY SAMAL','Yes','YES'),('20160010019','D SAI SUPRIYA','Yes','Yes'),('20160010020','DAKKATA PAWAN KALYAN REDDY','Yes','Yes'),('20160010021','DASH SUBHADEEP','YES','YES'),('20160010022','DEEPAK KUMAR','Yes','Yes'),('20160010023','DHRUV MESHRAM','Yes','Yes'),('20160010024','DINDIGALLA PREETHI HENA','',''),('20160010025','G ARSHAD','Yes','Yes'),('20160010026','G MONICA SAGAR','Yes','Yes'),('20160010027','GAMPALA SRI KRISHNA KARTHIK','Yes ','Yes'),('20160010028','GARVIT KATARIA','Yes ','Yes'),('20160010029','GORREMUCHU MARY ANKITHA','yes','yes'),('20160010030','GUJJULA JAHNAVI','Yes','Yes'),('20160010031','GURRAM NAGA VENKATA SAI MANOJ','Yes',''),('20160010032','HEMANTH KUMAR MADDI','yes','no'),('20160010033','J.S.SUNIL','YES','YES'),('20160010034','JADHAV AJIT JAYWANT','',''),('20160010035','JALLEPALLI SOWMYA VASUKI','Yes','yes'),('20160010036','JUNAID.N.Z','yes','yes'),('20160010037','K MAHESHWARI','Yes','yes'),('20160010038','K UPENDRA SAINATH REDDY','yes','yes'),('20160010039','KAGITA NIKHIL SAI','yes','yes'),('20160010040','KANAPANENI MEGHANA','yes','yes'),('20160010041','KAUSTUBH PANDEY','yes ','yes'),('20160010042','KEERTHI PRIYANKA LAM','yes ','yes'),('20160010043','KHURANGALE VISHAKHA SHASHIKANT','',''),('20160010044','KINNERA VINOOTHNA SAI','',''),('20160010045','KOTTE SAHITHI KRISHNA','yes','yes'),('20160010046','KRISHNA KUMAR DEY','Yes','Yes'),('20160010047','KUMARU SAI PRASANNA KUMAR','Yes','yes'),('20160010048','LAISHA WADHWA','Yes','yes'),('20160010049','M S SHRUTHI','Yes','Yes'),('20160010050','MADDELA DHARANI','yes','yes'),('20160010051','MAHESHWARAM SOWMYA ','',''),('20160010052','MANTHRI SAI KRISHNA SUBASH KARTHIKEYA','yes',''),('20160010053','MRITYUNJAY KUMAR OJHA','yes','yes'),('20160010054','MUCHERLA PAVAN SAI','yes','yes'),('20160010055','NARANAPURAM SRILEKHA','yes','yes'),('20160010056','NEKKANTI SRIKARA MOHANA SAI SACHIN','yes','yes'),('20160010057','NIKKU SATYA SAI PRUDHVI KRISHNA','yes','yes'),('20160010058','NITIN KUMAR','',''),('20160010059','PAGADALA MANOGNA','YES','YES'),('20160010060','PARAS DAHIYA','Yes','Yes'),('20160010061','PARKHI MOHAN','YES','YES'),('20160010063','POTLURI PRATHYUSH','',''),('20160010064','PRADEEP TURAN','',''),('20160010065','PRAKKASH MANOHAR','YES','YES'),('20160010066','PRASHANT KUMAR MAHANTA','Yes','Yes'),('20160010067','PULIVARTHI MUNI NIHITHA CHOWDARY','yes','yes'),('20160010068','PYAPALI SAI MADHU CHANDHANA','yes','yes'),('20160010069','RAHUL KUMAR','Yes','Yes'),('20160010071','RAYAVARAPU NAVANITH','yes','yes'),('20160010072','RISHAV CHANDRA VARMA','YES','YES'),('20160010073','ROHAN S','YES','YES'),('20160010074','RUSHEEL KOUSHIK GOLLAKOTA','YES','YES'),('20160010075','SAGAR','',''),('20160010077','SAHAJ AGARWAL ','YES','YES'),('20160010078','SAJJANAPU VENKAT LOKESH KUMAR','YES','YES'),('20160010079','SAKI VENKATESH','YES','YES'),('20160010080','SALLA DASHARATHA SAI VAMSHI','Yes','Yes'),('20160010081','SAMALA PREETHI','Yes','Yes'),('20160010082','SANYEM GUPTA','Yes','Yes'),('20160010083','SARIN NIKOSE','',''),('20160010084','SATYAVOLU SATYA BALA ANUSHA','Yes','Yes'),('20160010086','SHIVAM SINGH YADAV','YES','Yes'),('20160010087','SHOBHIT MALARYA','',''),('20160010088','SHUBHAM GUPTA','YES','YES'),('20160010089','SIDDHANT KUSHWAHA','Yes','Yes'),('20160010090','SIDDHARTH KUMAR','yes','yes'),('20160010091','SOUMIK MANDAL','yes','yes'),('20160010092','SREE HARSHITHA POLAMADA','yes','yes'),('20160010093','SRI HARSHAVARDHAN.S','yes',''),('20160010094','SURYA TEJA ACHANTA','YES','YES'),('20160010095','SYED JAHANGIR PEERAN','YES','YES'),('20160010096','TANMAY KALANI','YES','YES'),('20160010097','THAMMALI SAI KIRAN','YES','No'),('20160010098','THIRUKKOVALLURU HAREESH','',''),('20160010099','UDAY RAJ SAWHNEY','Yes','Yes'),('20160010100','UMMADI DEEKSHA','Yes','Yes'),('20160010101','VARRI SRI HARSHA','Yes','Yes'),('20160010102','VASA SRIJAN REDDY','Yes','Yes'),('20160010103','VASANTH NIKHIL SINGH','YES','YES'),('20160010104','VENTRAPRAGADA SAIRATHAN','Yes','Yes'),('20160010105','VIJJAL RUTVIK REDDY','',''),('20160010106','VINNAKOTI SREE PRAGNA','YES','YES'),('20160010107','WASIM ISHAQ KHAN','Yes','Yes'),('20160010108','YELLURU HEMANTH KUMAR','YES','YES'),('20160010162','DUVVURU MAHATHI','Yes','Yes'),('20160020109','ADAMYA GUPTA','',''),('20160020110','AKASAPU DASARADHA SRI RAM SAI MANI TEJA','',''),('20160020111','ASHISH KUMAR PATEL','Yes','No'),('20160020112','ATLURI ROHIT CHOWDARY','Yes','yes'),('20160020113','AVADHOOTHA SAI TEJA','Yes','Yes'),('20160020114','BANOTH LAVANYA','yes','yes'),('20160020115','BASAVA SAI NAGA VISWA CHAITHANYA','yes','yes'),('20160020116','BHUKYA ASWANTH NAYAK','YES','YES'),('20160020117','CHADALAVADA MOUNIKA','YES','YES'),('20160020118','CHAPPIDI DHEERAJ','YES','YES'),('20160020119','CHEEMALADINNE JHANSI RANI','',''),('20160020120','CHENNAMSETTY PADMINI','YES','YES'),('20160020122','CHERUVUGATTU NAGA SIVA KRISHNA','YES','YES'),('20160020123','CHILAGANI NIKHIL KUMAR','YES','YES'),('20160020124','DIRISALA KRISHNA VAMSI','YES','YES'),('20160020125','DODDAPANENI SUMANTH ','YES','YES'),('20160020126','DOMA SAI KEERTHI','yes','yes'),('20160020127','GOWTHUKATLA VENKATA CHARAN','yes','yes'),('20160020128','GUDURU SAI SURESH','Yes','Yes'),('20160020129','ITI TRIPATHI','Yes','Yes'),('20160020130','JWALA PRUDHVI RAJ','YES','yes'),('20160020131','K SAI  SUHAS TANMAY','yes','yes'),('20160020132','KARRI ANJALI POORNIMA','yes','yes'),('20160020133','KARUTURI SRI HARSHITHA','yes','yes'),('20160020134','KILLI VISHNU VARDHAN','yes','yes '),('20160020135','KOMMENDALA RAVI TEJA','Yes','Yes '),('20160020136','KONASAMUDRAM SUMANTH','yes','yes'),('20160020137','MADAKA VAMSI KRISHNA','YES',''),('20160020138','MANASA SAI KARANAM','YES','YES'),('20160020139','MARADANA SRINIVAS RAO','',''),('20160020140','MEEJURI PRANAV','yes','no'),('20160020141','MOTIPALLE RAM SAI RAHUL','YES','YES'),('20160020142','NALLURI  VENKATA VAISHNAVI','yes','yes'),('20160020143','P ABHILASH','yes','yes'),('20160020144','PAPPULA YASWANTH VENKATA SUBBA REDDY','yes','yes'),('20160020145','POTLA SANDEEP','yes','yes'),('20160020147','PULLELA MRUDULA SHASTRI','yes','yes'),('20160020148','PULLURU RISHITHA','yes','yes'),('20160020149','PUNGANOOR MADHU SUDHAN','yes','yes'),('20160020150','RAHUL RAGHAVA PEELA','Yes','Yes'),('20160020151','SAJJA RENUKARAM','yes','yes'),('20160020153','TANNERU SRI GIRINADH','Yes','Yes'),('20160020154','THRIPURANA ABHISHEK','yes','yes'),('20160020155','V TEJKIRAN','yes','yes'),('20160020156','VANKUDOTHU SUMAN','yes','yes'),('20160020157','VARRI RAJA RAMA CHANDRA RAO','yes','yes'),('20160020158','Deshineni','venkatasaikrishna.d16@iiits.in','iamstudent'),('20160020159','YADAGALLA JASWANTH KUMAR','yes','yes'),('20160020160','YALLA SATYA SAI VENKATA RAJA','yes','yes'),('20160020161','GEDDA RAGHU','Yes','Yes'),('20160020163','PRASAD VISHAL DINESH','','');
/*!40000 ALTER TABLE `library_user` ENABLE KEYS */;
UNLOCK TABLES;
/*!40103 SET TIME_ZONE=@OLD_TIME_ZONE */;

/*!40101 SET SQL_MODE=@OLD_SQL_MODE */;
/*!40014 SET FOREIGN_KEY_CHECKS=@OLD_FOREIGN_KEY_CHECKS */;
/*!40014 SET UNIQUE_CHECKS=@OLD_UNIQUE_CHECKS */;
/*!40101 SET CHARACTER_SET_CLIENT=@OLD_CHARACTER_SET_CLIENT */;
/*!40101 SET CHARACTER_SET_RESULTS=@OLD_CHARACTER_SET_RESULTS */;
/*!40101 SET COLLATION_CONNECTION=@OLD_COLLATION_CONNECTION */;
/*!40111 SET SQL_NOTES=@OLD_SQL_NOTES */;

-- Dump completed on 2018-12-10  3:36:23
